,2005,2006,2007,2008
10Apr2007Sanders238.txt,0,0,1,0
10Apr2008Sanders2.txt,0,0,0,1
10Apr2008Sanders3.txt,0,0,0,1
10Dec2007Sanders61.txt,0,0,1,0
10May2007Sanders212.txt,0,0,1,0
10Nov2007Sanders82.txt,0,0,1,0
10Oct2007Sanders108.txt,0,0,1,0
11Apr2007Sanders237.txt,0,0,1,0
11Dec2007Sanders60.txt,0,0,1,0
11Feb2008Sanders20.txt,0,0,0,1
11Jul2007Sanders174.txt,0,0,1,0
11Jun2007Sanders194.txt,0,0,1,0
11May2007Sanders211.txt,0,0,1,0
11Nov2007Sanders81.txt,0,0,1,0
11Oct2007Sanders107.txt,0,0,1,0
11Sep2007Sanders132.txt,0,0,1,0
11Sep2007Sanders133.txt,0,0,1,0
12Apr2007Sanders236.txt,0,0,1,0
12Dec2007Sanders58.txt,0,0,1,0
12Dec2007Sanders59.txt,0,0,1,0
12Feb2007Sanders260.txt,0,0,1,0
12Jan2007Sanders273.txt,0,0,1,0
12Jul2007Sanders173.txt,0,0,1,0
12Jun2007Sanders193.txt,0,0,1,0
12Oct2007Sanders106.txt,0,0,1,0
12Sep2007Sanders129.txt,0,0,1,0
12Sep2007Sanders130.txt,0,0,1,0
12Sep2007Sanders131.txt,0,0,1,0
13Apr2007Sanders235.txt,0,0,1,0
13Dec2007Sanders57.txt,0,0,1,0
13Feb2008Sanders19.txt,0,0,0,1
13Jul2007Sanders171.txt,0,0,1,0
13Jul2007Sanders172.txt,0,0,1,0
13Jun2007Sanders192.txt,0,0,1,0
13Mar2008Sanders12.txt,0,0,0,1
13Sep2007Sanders128.txt,0,0,1,0
14Dec2007Sanders55.txt,0,0,1,0
14Dec2007Sanders56.txt,0,0,1,0
14Feb2007Sanders259.txt,0,0,1,0
14Jan2008Sanders41.txt,0,0,0,1
14Jun2007Sanders190.txt,0,0,1,0
14Jun2007Sanders191.txt,0,0,1,0
14Mar2007Sanders250.txt,0,0,1,0
14Mar2007Sanders251.txt,0,0,1,0
14Mar2008Sanders11.txt,0,0,0,1
14May2007Sanders210.txt,0,0,1,0
14Nov2007Sanders80.txt,0,0,1,0
15Apr2008Sanders1.txt,0,0,0,1
15Jan2007Sanders270.txt,0,0,1,0
15Jan2007Sanders271.txt,0,0,1,0
15Jan2007Sanders272.txt,0,0,1,0
15Jan2008Sanders40.txt,0,0,0,1
15Jun2007Sanders189.txt,0,0,1,0
15Mar2007Sanders249.txt,0,0,1,0
15Nov2007Sanders79.txt,0,0,1,0
16Apr2007Sanders234.txt,0,0,1,0
16Aug2007Sanders148.txt,0,0,1,0
16Aug2007Sanders149.txt,0,0,1,0
16Feb2007Sanders258.txt,0,0,1,0
16Jan2007Sanders269.txt,0,0,1,0
16Jan2008Sanders39.txt,0,0,0,1
16Jul2007Sanders170.txt,0,0,1,0
16May2007Sanders209.txt,0,0,1,0
16Oct2007Sanders105.txt,0,0,1,0
17Apr2007Sanders233.txt,0,0,1,0
17Dec2007Sanders54.txt,0,0,1,0
17Jul2007Sanders169.txt,0,0,1,0
17May2007Sanders208.txt,0,0,1,0
17Nov2007Sanders78.txt,0,0,1,0
17Oct2007Sanders104.txt,0,0,1,0
17Sep2007Sanders127.txt,0,0,1,0
18Apr2007Sanders231.txt,0,0,1,0
18Apr2007Sanders232.txt,0,0,1,0
18Dec2007Sanders52.txt,0,0,1,0
18Dec2007Sanders53.txt,0,0,1,0
18Jan2008Sanders38.txt,0,0,0,1
18Jul2007Sanders168.txt,0,0,1,0
18Jun2007Sanders188.txt,0,0,1,0
18May2007Sanders207.txt,0,0,1,0
18Oct2007Sanders101.txt,0,0,1,0
18Oct2007Sanders102.txt,0,0,1,0
18Oct2007Sanders103.txt,0,0,1,0
18Sep2007Sanders126.txt,0,0,1,0
19Apr2007Sanders230.txt,0,0,1,0
19Dec2007Sanders50.txt,0,0,1,0
19Dec2007Sanders51.txt,0,0,1,0
19Feb2008Sanders18.txt,0,0,0,1
19Jul2007Sanders167.txt,0,0,1,0
19Jun2007Sanders187.txt,0,0,1,0
19Mar2007Sanders248.txt,0,0,1,0
19Mar2008Sanders10.txt,0,0,0,1
19Mar2008Sanders9.txt,0,0,0,1
19Nov2007Sanders77.txt,0,0,1,0
19Oct2007Sanders100.txt,0,0,1,0
19Sep2007Sanders124.txt,0,0,1,0
19Sep2007Sanders125.txt,0,0,1,0
1Apr2008Sanders8.txt,0,0,0,1
1Aug2007Sanders157.txt,0,0,1,0
1Feb2007Sanders264.txt,0,0,1,0
1Feb2007Sanders265.txt,0,0,1,0
1Feb2008Sanders26.txt,0,0,0,1
1Jun2007Sanders199.txt,0,0,1,0
1Mar2007Sanders255.txt,0,0,1,0
1May2007Sanders216.txt,0,0,1,0
1Nov2007Sanders89.txt,0,0,1,0
1Oct2007Sanders116.txt,0,0,1,0
20Apr2007Sanders228.txt,0,0,1,0
20Apr2007Sanders229.txt,0,0,1,0
20Feb2007Sanders257.txt,0,0,1,0
20Jul2007Sanders166.txt,0,0,1,0
20Jun2007Sanders186.txt,0,0,1,0
20Nov2007Sanders76.txt,0,0,1,0
20Sep2007Sanders123.txt,0,0,1,0
21Aug2007Sanders146.txt,0,0,1,0
21Aug2007Sanders147.txt,0,0,1,0
21Dec2007Sanders48.txt,0,0,1,0
21Dec2007Sanders49.txt,0,0,1,0
21Jan2008Sanders37.txt,0,0,0,1
21Jun2007Sanders185.txt,0,0,1,0
21Mar2007Sanders247.txt,0,0,1,0
21Nov2007Sanders75.txt,0,0,1,0
21Oct2007Sanders98.txt,0,0,1,0
21Oct2007Sanders99.txt,0,0,1,0
21Sep2007Sanders122.txt,0,0,1,0
22Aug2007Sanders145.txt,0,0,1,0
22Jan2008Sanders36.txt,0,0,0,1
22Jun2007Sanders184.txt,0,0,1,0
22May2007Sanders206.txt,0,0,1,0
22Oct2007Sanders97.txt,0,0,1,0
23Apr2007Sanders226.txt,0,0,1,0
23Apr2007Sanders227.txt,0,0,1,0
23Jan2008Sanders35.txt,0,0,0,1
23Jul2007Sanders165.txt,0,0,1,0
23Mar2007Sanders246.txt,0,0,1,0
23May2007Sanders205.txt,0,0,1,0
23Nov2007Sanders74.txt,0,0,1,0
24Apr2007Sanders223.txt,0,0,1,0
24Apr2007Sanders224.txt,0,0,1,0
24Apr2007Sanders225.txt,0,0,1,0
24Apr2008Sanders0.txt,0,0,0,1
24Aug2007Sanders144.txt,0,0,1,0
24Dec2007Sanders47.txt,0,0,1,0
24Jan2007Sanders268.txt,0,0,1,0
24Jan2008Sanders33.txt,0,0,0,1
24Jan2008Sanders34.txt,0,0,0,1
24May2007Sanders204.txt,0,0,1,0
24Oct2007Sanders95.txt,0,0,1,0
24Oct2007Sanders96.txt,0,0,1,0
25Apr2007Sanders221.txt,0,0,1,0
25Apr2007Sanders222.txt,0,0,1,0
25Feb2008Sanders17.txt,0,0,0,1
25Jan2007Sanders267.txt,0,0,1,0
25Jul2007Sanders164.txt,0,0,1,0
25Jun2007Sanders183.txt,0,0,1,0
25Oct2007Sanders94.txt,0,0,1,0
25Sep2007Sanders121.txt,0,0,1,0
26Apr2007Sanders219.txt,0,0,1,0
26Apr2007Sanders220.txt,0,0,1,0
26Dec2007Sanders46.txt,0,0,1,0
26Feb2008Sanders16.txt,0,0,0,1
26Jul2007Sanders163.txt,0,0,1,0
26Jun2007Sanders180.txt,0,0,1,0
26Jun2007Sanders181.txt,0,0,1,0
26Jun2007Sanders182.txt,0,0,1,0
26Mar2007Sanders245.txt,0,0,1,0
26May2007Sanders203.txt,0,0,1,0
26Nov2007Sanders72.txt,0,0,1,0
26Nov2007Sanders73.txt,0,0,1,0
26Oct2007Sanders93.txt,0,0,1,0
26Sep2007Sanders120.txt,0,0,1,0
27Apr2007Sanders218.txt,0,0,1,0
27Aug2007Sanders143.txt,0,0,1,0
27Dec2007Sanders45.txt,0,0,1,0
27Feb2007Sanders256.txt,0,0,1,0
27Jul2007Sanders162.txt,0,0,1,0
27Mar2007Sanders244.txt,0,0,1,0
27Nov2007Sanders71.txt,0,0,1,0
27Sep2007Sanders119.txt,0,0,1,0
28Aug2007Sanders142.txt,0,0,1,0
28Feb2008Sanders15.txt,0,0,0,1
28Jun2007Sanders179.txt,0,0,1,0
28Mar2007Sanders243.txt,0,0,1,0
28Nov2007Sanders70.txt,0,0,1,0
28Sep2007Sanders117.txt,0,0,1,0
28Sep2007Sanders118.txt,0,0,1,0
29Aug2007Sanders141.txt,0,0,1,0
29Jan2008Sanders32.txt,0,0,0,1
29Jun2007Sanders178.txt,0,0,1,0
29Mar2007Sanders241.txt,0,0,1,0
29Mar2007Sanders242.txt,0,0,1,0
29May2007Sanders202.txt,0,0,1,0
29Nov2007Sanders69.txt,0,0,1,0
29Oct2007Sanders92.txt,0,0,1,0
2Apr2007Sanders240.txt,0,0,1,0
2Apr2008Sanders7.txt,0,0,0,1
2Aug2007Sanders155.txt,0,0,1,0
2Aug2007Sanders156.txt,0,0,1,0
2Jan2008Sanders44.txt,0,0,0,1
2Jul2007Sanders177.txt,0,0,1,0
2May2007Sanders215.txt,0,0,1,0
2Oct2007Sanders115.txt,0,0,1,0
30Apr2007Sanders217.txt,0,0,1,0
30Aug2007Sanders140.txt,0,0,1,0
30Jan2007Sanders266.txt,0,0,1,0
30Jan2008Sanders31.txt,0,0,0,1
30Jul2007Sanders161.txt,0,0,1,0
30May2007Sanders201.txt,0,0,1,0
30Nov2007Sanders68.txt,0,0,1,0
30Oct2007Sanders91.txt,0,0,1,0
31Aug2007Sanders139.txt,0,0,1,0
31Jan2008Sanders27.txt,0,0,0,1
31Jan2008Sanders28.txt,0,0,0,1
31Jan2008Sanders29.txt,0,0,0,1
31Jan2008Sanders30.txt,0,0,0,1
31Jul2007Sanders158.txt,0,0,1,0
31Jul2007Sanders159.txt,0,0,1,0
31Jul2007Sanders160.txt,0,0,1,0
31May2007Sanders200.txt,0,0,1,0
31Oct2007Sanders90.txt,0,0,1,0
3Aug2007Sanders154.txt,0,0,1,0
3Dec2007Sanders67.txt,0,0,1,0
3Jan2008Sanders43.txt,0,0,0,1
3Mar2007Sanders254.txt,0,0,1,0
3Mar2008Sanders14.txt,0,0,0,1
3May2007Sanders214.txt,0,0,1,0
3Oct2007Sanders113.txt,0,0,1,0
3Oct2007Sanders114.txt,0,0,1,0
4Dec2007Sanders65.txt,0,0,1,0
4Dec2007Sanders66.txt,0,0,1,0
4Feb2008Sanders23.txt,0,0,0,1
4Feb2008Sanders24.txt,0,0,0,1
4Feb2008Sanders25.txt,0,0,0,1
4Jun2007Sanders198.txt,0,0,1,0
4Oct2007Sanders111.txt,0,0,1,0
4Oct2007Sanders112.txt,0,0,1,0
4Sep2007Sanders137.txt,0,0,1,0
4Sep2007Sanders138.txt,0,0,1,0
5Dec2007Sanders64.txt,0,0,1,0
5Feb2007Sanders263.txt,0,0,1,0
5Jun2007Sanders197.txt,0,0,1,0
5Mar2007Sanders253.txt,0,0,1,0
5Nov2007Sanders88.txt,0,0,1,0
5Oct2007Sanders110.txt,0,0,1,0
5Sep2007Sanders136.txt,0,0,1,0
6Apr2007Sanders239.txt,0,0,1,0
6Aug2007Sanders153.txt,0,0,1,0
6Dec2007Sanders63.txt,0,0,1,0
6Feb2007Sanders261.txt,0,0,1,0
6Feb2007Sanders262.txt,0,0,1,0
6Jul2007Sanders176.txt,0,0,1,0
6Jun2007Sanders196.txt,0,0,1,0
6Mar2008Sanders13.txt,0,0,0,1
6Nov2007Sanders87.txt,0,0,1,0
6Sep2007Sanders135.txt,0,0,1,0
7Apr2008Sanders6.txt,0,0,0,1
7Aug2007Sanders152.txt,0,0,1,0
7Dec2007Sanders62.txt,0,0,1,0
7Feb2008Sanders21.txt,0,0,0,1
7Feb2008Sanders22.txt,0,0,0,1
7Jan2008Sanders42.txt,0,0,0,1
7Nov2007Sanders86.txt,0,0,1,0
7Sep2007Sanders134.txt,0,0,1,0
8Apr2008Sanders5.txt,0,0,0,1
8Aug2007Sanders151.txt,0,0,1,0
8Jun2007Sanders195.txt,0,0,1,0
8Mar2007Sanders252.txt,0,0,1,0
8Nov2007Sanders85.txt,0,0,1,0
9Apr2008Sanders4.txt,0,0,0,1
9Aug2007Sanders150.txt,0,0,1,0
9Jul2007Sanders175.txt,0,0,1,0
9May2007Sanders213.txt,0,0,1,0
9Nov2007Sanders83.txt,0,0,1,0
9Nov2007Sanders84.txt,0,0,1,0
9Oct2007Sanders109.txt,0,0,1,0
10Apr2007Obama430.txt,0,0,1,0
10Apr2008Obama108.txt,0,0,0,1
10Aug2005Obama674.txt,1,0,0,0
10Aug2005Obama675.txt,1,0,0,0
10Aug2006Obama508.txt,0,1,0,0
10Dec2007Obama192.txt,0,0,1,0
10Jan2007Obama472.txt,0,0,1,0
10Jan2008Obama165.txt,0,0,0,1
10Jul2008Obama28.txt,0,0,0,1
10Jul2008Obama29.txt,0,0,0,1
10Jun2008Obama63.txt,0,0,0,1
10Jun2008Obama64.txt,0,0,0,1
10Mar2007Obama453.txt,0,0,1,0
10Mar2008Obama134.txt,0,0,0,1
10May2007Obama408.txt,0,0,1,0
10May2007Obama409.txt,0,0,1,0
10Nov2005Obama622.txt,1,0,0,0
10Oct2006Obama490.txt,0,1,0,0
10Oct2007Obama255.txt,0,0,1,0
11Apr2007Obama429.txt,0,0,1,0
11Dec2006Obama477.txt,0,1,0,0
11Dec2007Obama191.txt,0,0,1,0
11Feb2008Obama151.txt,0,0,0,1
11Feb2008Obama152.txt,0,0,0,1
11Jan2007Obama471.txt,0,0,1,0
11Jan2008Obama164.txt,0,0,0,1
11Jul2007Obama348.txt,0,0,1,0
11Jul2007Obama349.txt,0,0,1,0
11Oct2007Obama253.txt,0,0,1,0
11Oct2007Obama254.txt,0,0,1,0
11Sep2006Obama501.txt,0,1,0,0
11Sep2007Obama286.txt,0,0,1,0
11Sep2007Obama287.txt,0,0,1,0
12Apr2007Obama427.txt,0,0,1,0
12Apr2007Obama428.txt,0,0,1,0
12Dec2007Obama189.txt,0,0,1,0
12Dec2007Obama190.txt,0,0,1,0
12Feb2008Obama149.txt,0,0,0,1
12Feb2008Obama150.txt,0,0,0,1
12Jul2007Obama344.txt,0,0,1,0
12Jul2007Obama345.txt,0,0,1,0
12Jul2007Obama346.txt,0,0,1,0
12Jul2007Obama347.txt,0,0,1,0
12Jun2007Obama377.txt,0,0,1,0
12Jun2008Obama62.txt,0,0,0,1
12Mar2007Obama451.txt,0,0,1,0
12Mar2007Obama452.txt,0,0,1,0
12Mar2008Obama133.txt,0,0,0,1
12May2005Obama708.txt,1,0,0,0
12Oct2007Obama251.txt,0,0,1,0
12Oct2007Obama252.txt,0,0,1,0
12Sep2005Obama662.txt,1,0,0,0
12Sep2007Obama285.txt,0,0,1,0
13Dec2005Obama610.txt,1,0,0,0
13Dec2006Obama476.txt,0,1,0,0
13Dec2007Obama185.txt,0,0,1,0
13Dec2007Obama186.txt,0,0,1,0
13Dec2007Obama187.txt,0,0,1,0
13Dec2007Obama188.txt,0,0,1,0
13Feb2008Obama148.txt,0,0,0,1
13Jul2006Obama520.txt,0,1,0,0
13Jun2007Obama375.txt,0,0,1,0
13Jun2007Obama376.txt,0,0,1,0
13Jun2008Obama58.txt,0,0,0,1
13Jun2008Obama59.txt,0,0,0,1
13Jun2008Obama60.txt,0,0,0,1
13Jun2008Obama61.txt,0,0,0,1
13Mar2006Obama572.txt,0,1,0,0
13Mar2007Obama448.txt,0,0,1,0
13Mar2007Obama449.txt,0,0,1,0
13Mar2007Obama450.txt,0,0,1,0
13Mar2008Obama130.txt,0,0,0,1
13Mar2008Obama131.txt,0,0,0,1
13Mar2008Obama132.txt,0,0,0,1
13May2008Obama80.txt,0,0,0,1
13May2008Obama81.txt,0,0,0,1
13May2008Obama82.txt,0,0,0,1
13Nov2007Obama212.txt,0,0,1,0
13Nov2007Obama213.txt,0,0,1,0
13Nov2007Obama214.txt,0,0,1,0
13Oct2005Obama638.txt,1,0,0,0
13Oct2006Obama489.txt,0,1,0,0
13Sep2006Obama500.txt,0,1,0,0
14Apr2007Obama426.txt,0,0,1,0
14Apr2008Obama107.txt,0,0,0,1
14Aug2006Obama506.txt,0,1,0,0
14Aug2006Obama507.txt,0,1,0,0
14Aug2007Obama307.txt,0,0,1,0
14Dec2007Obama181.txt,0,0,1,0
14Dec2007Obama182.txt,0,0,1,0
14Dec2007Obama183.txt,0,0,1,0
14Dec2007Obama184.txt,0,0,1,0
14Feb2008Obama147.txt,0,0,0,1
14Jul2006Obama519.txt,0,1,0,0
14Jun2005Obama702.txt,1,0,0,0
14Jun2005Obama703.txt,1,0,0,0
14Jun2007Obama373.txt,0,0,1,0
14Jun2007Obama374.txt,0,0,1,0
14Jun2008Obama57.txt,0,0,0,1
14Mar2006Obama571.txt,0,1,0,0
14Mar2008Obama127.txt,0,0,0,1
14Mar2008Obama128.txt,0,0,0,1
14Mar2008Obama129.txt,0,0,0,1
14May2006Obama551.txt,0,1,0,0
14May2007Obama407.txt,0,0,1,0
14May2008Obama79.txt,0,0,0,1
14Nov2006Obama484.txt,0,1,0,0
14Nov2006Obama485.txt,0,1,0,0
14Nov2007Obama210.txt,0,0,1,0
14Nov2007Obama211.txt,0,0,1,0
14Sep2005Obama661.txt,1,0,0,0
15Aug2006Obama505.txt,0,1,0,0
15Aug2007Obama304.txt,0,0,1,0
15Aug2007Obama305.txt,0,0,1,0
15Aug2007Obama306.txt,0,0,1,0
15Dec2007Obama180.txt,0,0,1,0
15Feb2008Obama146.txt,0,0,0,1
15Jan2008Obama163.txt,0,0,0,1
15Jul2008Obama27.txt,0,0,0,1
15Jun2006Obama531.txt,0,1,0,0
15Jun2007Obama371.txt,0,0,1,0
15Jun2007Obama372.txt,0,0,1,0
15Mar2006Obama570.txt,0,1,0,0
15Mar2007Obama446.txt,0,0,1,0
15Mar2007Obama447.txt,0,0,1,0
15May2006Obama550.txt,0,1,0,0
15May2007Obama406.txt,0,0,1,0
15May2008Obama78.txt,0,0,0,1
15Oct2007Obama250.txt,0,0,1,0
15Sep2005Obama659.txt,1,0,0,0
15Sep2005Obama660.txt,1,0,0,0
16Apr2007Obama424.txt,0,0,1,0
16Apr2007Obama425.txt,0,0,1,0
16Apr2008Obama106.txt,0,0,0,1
16Aug2007Obama303.txt,0,0,1,0
16Dec2005Obama607.txt,1,0,0,0
16Dec2005Obama608.txt,1,0,0,0
16Dec2005Obama609.txt,1,0,0,0
16Feb2006Obama586.txt,0,1,0,0
16Feb2006Obama587.txt,0,1,0,0
16Jul2007Obama341.txt,0,0,1,0
16Jul2007Obama342.txt,0,0,1,0
16Jul2007Obama343.txt,0,0,1,0
16Jul2008Obama24.txt,0,0,0,1
16Jul2008Obama25.txt,0,0,0,1
16Jul2008Obama26.txt,0,0,0,1
16Jun2006Obama530.txt,0,1,0,0
16Jun2008Obama56.txt,0,0,0,1
16Mar2006Obama569.txt,0,1,0,0
16May2006Obama549.txt,0,1,0,0
16May2007Obama402.txt,0,0,1,0
16May2007Obama403.txt,0,0,1,0
16May2007Obama404.txt,0,0,1,0
16May2007Obama405.txt,0,0,1,0
16May2008Obama76.txt,0,0,0,1
16May2008Obama77.txt,0,0,0,1
16Nov2005Obama621.txt,1,0,0,0
16Nov2007Obama207.txt,0,0,1,0
16Nov2007Obama208.txt,0,0,1,0
16Nov2007Obama209.txt,0,0,1,0
17Apr2008Obama105.txt,0,0,0,1
17Dec2007Obama177.txt,0,0,1,0
17Dec2007Obama178.txt,0,0,1,0
17Dec2007Obama179.txt,0,0,1,0
17Feb2006Obama585.txt,0,1,0,0
17Jan2007Obama470.txt,0,0,1,0
17Jul2006Obama518.txt,0,1,0,0
17Jul2007Obama339.txt,0,0,1,0
17Jul2007Obama340.txt,0,0,1,0
17Jul2008Obama20.txt,0,0,0,1
17Jul2008Obama21.txt,0,0,0,1
17Jul2008Obama22.txt,0,0,0,1
17Jul2008Obama23.txt,0,0,0,1
17Jun2008Obama51.txt,0,0,0,1
17Jun2008Obama52.txt,0,0,0,1
17Jun2008Obama53.txt,0,0,0,1
17Jun2008Obama54.txt,0,0,0,1
17Jun2008Obama55.txt,0,0,0,1
17Mar2006Obama567.txt,0,1,0,0
17Mar2006Obama568.txt,0,1,0,0
17Mar2008Obama126.txt,0,0,0,1
17May2005Obama707.txt,1,0,0,0
17May2006Obama547.txt,0,1,0,0
17May2006Obama548.txt,0,1,0,0
17May2007Obama398.txt,0,0,1,0
17May2007Obama399.txt,0,0,1,0
17May2007Obama400.txt,0,0,1,0
17May2007Obama401.txt,0,0,1,0
17Nov2005Obama620.txt,1,0,0,0
17Nov2006Obama483.txt,0,1,0,0
17Oct2007Obama246.txt,0,0,1,0
17Oct2007Obama247.txt,0,0,1,0
17Oct2007Obama248.txt,0,0,1,0
17Oct2007Obama249.txt,0,0,1,0
17Sep2005Obama658.txt,1,0,0,0
17Sep2007Obama283.txt,0,0,1,0
17Sep2007Obama284.txt,0,0,1,0
18Apr2007Obama422.txt,0,0,1,0
18Apr2007Obama423.txt,0,0,1,0
18Apr2008Obama104.txt,0,0,0,1
18Dec2007Obama174.txt,0,0,1,0
18Dec2007Obama175.txt,0,0,1,0
18Dec2007Obama176.txt,0,0,1,0
18Jul2007Obama336.txt,0,0,1,0
18Jul2007Obama337.txt,0,0,1,0
18Jul2007Obama338.txt,0,0,1,0
18Jul2008Obama19.txt,0,0,0,1
18Jun2008Obama48.txt,0,0,0,1
18Jun2008Obama49.txt,0,0,0,1
18Jun2008Obama50.txt,0,0,0,1
18Nov2005Obama617.txt,1,0,0,0
18Nov2005Obama618.txt,1,0,0,0
18Nov2005Obama619.txt,1,0,0,0
18Oct2005Obama637.txt,1,0,0,0
18Oct2007Obama245.txt,0,0,1,0
18Sep2007Obama280.txt,0,0,1,0
18Sep2007Obama281.txt,0,0,1,0
18Sep2007Obama282.txt,0,0,1,0
19Apr2007Obama420.txt,0,0,1,0
19Apr2007Obama421.txt,0,0,1,0
19Dec2007Obama172.txt,0,0,1,0
19Dec2007Obama173.txt,0,0,1,0
19Jan2007Obama469.txt,0,0,1,0
19Jul2005Obama693.txt,1,0,0,0
19Jul2006Obama517.txt,0,1,0,0
19Jul2007Obama334.txt,0,0,1,0
19Jul2007Obama335.txt,0,0,1,0
19Jun2007Obama367.txt,0,0,1,0
19Jun2007Obama368.txt,0,0,1,0
19Jun2007Obama369.txt,0,0,1,0
19Jun2007Obama370.txt,0,0,1,0
19Jun2008Obama46.txt,0,0,0,1
19Jun2008Obama47.txt,0,0,0,1
19Mar2007Obama445.txt,0,0,1,0
19Nov2007Obama205.txt,0,0,1,0
19Nov2007Obama206.txt,0,0,1,0
19Oct2005Obama636.txt,1,0,0,0
19Oct2007Obama241.txt,0,0,1,0
19Oct2007Obama242.txt,0,0,1,0
19Oct2007Obama243.txt,0,0,1,0
19Oct2007Obama244.txt,0,0,1,0
19Sep2005Obama657.txt,1,0,0,0
19Sep2007Obama278.txt,0,0,1,0
19Sep2007Obama279.txt,0,0,1,0
1Apr2008Obama120.txt,0,0,0,1
1Aug2005Obama680.txt,1,0,0,0
1Dec2005Obama613.txt,1,0,0,0
1Dec2005Obama614.txt,1,0,0,0
1Feb2006Obama595.txt,0,1,0,0
1Feb2006Obama596.txt,0,1,0,0
1Jul2008Obama32.txt,0,0,0,1
1Mar2006Obama577.txt,0,1,0,0
1Mar2006Obama578.txt,0,1,0,0
1Mar2007Obama460.txt,0,0,1,0
1Mar2007Obama461.txt,0,0,1,0
1Mar2007Obama462.txt,0,0,1,0
1May2008Obama85.txt,0,0,0,1
1May2008Obama86.txt,0,0,0,1
1May2008Obama87.txt,0,0,0,1
1Nov2005Obama627.txt,1,0,0,0
1Nov2005Obama628.txt,1,0,0,0
1Nov2007Obama223.txt,0,0,1,0
1Nov2007Obama224.txt,0,0,1,0
1Oct2007Obama262.txt,0,0,1,0
1Oct2007Obama263.txt,0,0,1,0
20Aug2007Obama301.txt,0,0,1,0
20Aug2007Obama302.txt,0,0,1,0
20Dec2007Obama171.txt,0,0,1,0
20Feb2007Obama464.txt,0,0,1,0
20Jan2008Obama162.txt,0,0,0,1
20Jul2005Obama691.txt,1,0,0,0
20Jul2005Obama692.txt,1,0,0,0
20Jul2006Obama516.txt,0,1,0,0
20Jul2007Obama332.txt,0,0,1,0
20Jul2007Obama333.txt,0,0,1,0
20Jul2008Obama18.txt,0,0,0,1
20Jun2007Obama365.txt,0,0,1,0
20Jun2007Obama366.txt,0,0,1,0
20Jun2008Obama43.txt,0,0,0,1
20Jun2008Obama44.txt,0,0,0,1
20Jun2008Obama45.txt,0,0,0,1
20Mar2008Obama125.txt,0,0,0,1
20May2008Obama74.txt,0,0,0,1
20May2008Obama75.txt,0,0,0,1
20Sep2005Obama656.txt,1,0,0,0
20Sep2007Obama276.txt,0,0,1,0
20Sep2007Obama277.txt,0,0,1,0
21Dec2005Obama606.txt,1,0,0,0
21Dec2007Obama167.txt,0,0,1,0
21Dec2007Obama168.txt,0,0,1,0
21Dec2007Obama169.txt,0,0,1,0
21Dec2007Obama170.txt,0,0,1,0
21Feb2006Obama584.txt,0,1,0,0
21Feb2008Obama145.txt,0,0,0,1
21Jan2008Obama161.txt,0,0,0,1
21Jul2005Obama689.txt,1,0,0,0
21Jul2005Obama690.txt,1,0,0,0
21Jul2008Obama15.txt,0,0,0,1
21Jul2008Obama16.txt,0,0,0,1
21Jul2008Obama17.txt,0,0,0,1
21Jun2006Obama529.txt,0,1,0,0
21Jun2007Obama361.txt,0,0,1,0
21Jun2007Obama362.txt,0,0,1,0
21Jun2007Obama363.txt,0,0,1,0
21Jun2007Obama364.txt,0,0,1,0
21Mar2008Obama124.txt,0,0,0,1
21May2007Obama397.txt,0,0,1,0
21May2008Obama72.txt,0,0,0,1
21May2008Obama73.txt,0,0,0,1
21Nov2005Obama616.txt,1,0,0,0
21Oct2005Obama634.txt,1,0,0,0
21Oct2005Obama635.txt,1,0,0,0
21Sep2005Obama655.txt,1,0,0,0
22Apr2007Obama419.txt,0,0,1,0
22Aug2007Obama299.txt,0,0,1,0
22Aug2007Obama300.txt,0,0,1,0
22Jan2008Obama160.txt,0,0,0,1
22Jul2008Obama14.txt,0,0,0,1
22Jun2006Obama528.txt,0,1,0,0
22Jun2007Obama359.txt,0,0,1,0
22Jun2007Obama360.txt,0,0,1,0
22Mar2007Obama444.txt,0,0,1,0
22May2006Obama545.txt,0,1,0,0
22May2006Obama546.txt,0,1,0,0
22May2007Obama396.txt,0,0,1,0
22May2008Obama71.txt,0,0,0,1
22Oct2007Obama239.txt,0,0,1,0
22Oct2007Obama240.txt,0,0,1,0
22Sep2005Obama652.txt,1,0,0,0
22Sep2005Obama653.txt,1,0,0,0
22Sep2005Obama654.txt,1,0,0,0
23Apr2008Obama100.txt,0,0,0,1
23Apr2008Obama101.txt,0,0,0,1
23Apr2008Obama102.txt,0,0,0,1
23Apr2008Obama103.txt,0,0,0,1
23Aug2005Obama673.txt,1,0,0,0
23Aug2007Obama298.txt,0,0,1,0
23Feb2006Obama583.txt,0,1,0,0
23Jan2006Obama603.txt,0,1,0,0
23Jan2007Obama467.txt,0,0,1,0
23Jan2007Obama468.txt,0,0,1,0
23Jul2007Obama331.txt,0,0,1,0
23Jul2008Obama10.txt,0,0,0,1
23Jul2008Obama11.txt,0,0,0,1
23Jul2008Obama12.txt,0,0,0,1
23Jul2008Obama13.txt,0,0,0,1
23Jul2008Obama9.txt,0,0,0,1
23Jun2005Obama701.txt,1,0,0,0
23Jun2006Obama525.txt,0,1,0,0
23Jun2006Obama526.txt,0,1,0,0
23Jun2006Obama527.txt,0,1,0,0
23Jun2008Obama42.txt,0,0,0,1
23Mar2007Obama442.txt,0,0,1,0
23Mar2007Obama443.txt,0,0,1,0
23May2005Obama706.txt,1,0,0,0
23May2006Obama542.txt,0,1,0,0
23May2006Obama543.txt,0,1,0,0
23May2006Obama544.txt,0,1,0,0
23May2007Obama393.txt,0,0,1,0
23May2007Obama394.txt,0,0,1,0
23May2007Obama395.txt,0,0,1,0
23May2008Obama70.txt,0,0,0,1
23Oct2006Obama488.txt,0,1,0,0
23Oct2007Obama238.txt,0,0,1,0
23Sep2005Obama650.txt,1,0,0,0
23Sep2005Obama651.txt,1,0,0,0
24Apr2008Obama95.txt,0,0,0,1
24Apr2008Obama96.txt,0,0,0,1
24Apr2008Obama97.txt,0,0,0,1
24Apr2008Obama98.txt,0,0,0,1
24Apr2008Obama99.txt,0,0,0,1
24Aug2007Obama297.txt,0,0,1,0
24Feb2006Obama582.txt,0,1,0,0
24Jan2006Obama601.txt,0,1,0,0
24Jan2006Obama602.txt,0,1,0,0
24Jan2008Obama159.txt,0,0,0,1
24Jul2007Obama329.txt,0,0,1,0
24Jul2007Obama330.txt,0,0,1,0
24Jul2008Obama8.txt,0,0,0,1
24Jun2008Obama37.txt,0,0,0,1
24Jun2008Obama38.txt,0,0,0,1
24Jun2008Obama39.txt,0,0,0,1
24Jun2008Obama40.txt,0,0,0,1
24Jun2008Obama41.txt,0,0,0,1
24May2005Obama705.txt,1,0,0,0
24May2006Obama541.txt,0,1,0,0
24May2007Obama390.txt,0,0,1,0
24May2007Obama391.txt,0,0,1,0
24May2007Obama392.txt,0,0,1,0
24Oct2007Obama235.txt,0,0,1,0
24Oct2007Obama236.txt,0,0,1,0
24Oct2007Obama237.txt,0,0,1,0
24Sep2007Obama274.txt,0,0,1,0
24Sep2007Obama275.txt,0,0,1,0
25Apr2007Obama417.txt,0,0,1,0
25Apr2007Obama418.txt,0,0,1,0
25Apr2008Obama93.txt,0,0,0,1
25Apr2008Obama94.txt,0,0,0,1
25Aug2005Obama672.txt,1,0,0,0
25Feb2006Obama581.txt,0,1,0,0
25Feb2008Obama144.txt,0,0,0,1
25Jan2006Obama600.txt,0,1,0,0
25Jan2008Obama158.txt,0,0,0,1
25Jul2005Obama687.txt,1,0,0,0
25Jul2005Obama688.txt,1,0,0,0
25Jul2006Obama515.txt,0,1,0,0
25Jul2007Obama327.txt,0,0,1,0
25Jul2007Obama328.txt,0,0,1,0
25Jul2008Obama7.txt,0,0,0,1
25Jun2007Obama357.txt,0,0,1,0
25Jun2007Obama358.txt,0,0,1,0
25Jun2008Obama35.txt,0,0,0,1
25Jun2008Obama36.txt,0,0,0,1
25May2006Obama540.txt,0,1,0,0
25May2007Obama389.txt,0,0,1,0
25Oct2005Obama633.txt,1,0,0,0
25Oct2006Obama487.txt,0,1,0,0
25Oct2007Obama232.txt,0,0,1,0
25Oct2007Obama233.txt,0,0,1,0
25Oct2007Obama234.txt,0,0,1,0
25Sep2006Obama499.txt,0,1,0,0
25Sep2007Obama272.txt,0,0,1,0
25Sep2007Obama273.txt,0,0,1,0
26Apr2007Obama416.txt,0,0,1,0
26Feb2008Obama141.txt,0,0,0,1
26Feb2008Obama142.txt,0,0,0,1
26Feb2008Obama143.txt,0,0,0,1
26Jan2006Obama599.txt,0,1,0,0
26Jul2007Obama324.txt,0,0,1,0
26Jul2007Obama325.txt,0,0,1,0
26Jul2007Obama326.txt,0,0,1,0
26Jul2008Obama6.txt,0,0,0,1
26Jun2006Obama524.txt,0,1,0,0
26Jun2007Obama356.txt,0,0,1,0
26Jun2008Obama33.txt,0,0,0,1
26Jun2008Obama34.txt,0,0,0,1
26Nov2007Obama204.txt,0,0,1,0
26Oct2007Obama229.txt,0,0,1,0
26Oct2007Obama230.txt,0,0,1,0
26Oct2007Obama231.txt,0,0,1,0
26Sep2005Obama649.txt,1,0,0,0
26Sep2007Obama268.txt,0,0,1,0
26Sep2007Obama269.txt,0,0,1,0
26Sep2007Obama270.txt,0,0,1,0
26Sep2007Obama271.txt,0,0,1,0
27Apr2006Obama555.txt,0,1,0,0
27Aug2007Obama295.txt,0,0,1,0
27Aug2007Obama296.txt,0,0,1,0
27Feb2006Obama580.txt,0,1,0,0
27Feb2007Obama463.txt,0,0,1,0
27Jul2006Obama513.txt,0,1,0,0
27Jul2006Obama514.txt,0,1,0,0
27Jul2007Obama322.txt,0,0,1,0
27Jul2007Obama323.txt,0,0,1,0
27Jun2005Obama700.txt,1,0,0,0
27Jun2006Obama523.txt,0,1,0,0
27Jun2007Obama354.txt,0,0,1,0
27Jun2007Obama355.txt,0,0,1,0
27Mar2007Obama439.txt,0,0,1,0
27Mar2007Obama440.txt,0,0,1,0
27Mar2007Obama441.txt,0,0,1,0
27May2008Obama69.txt,0,0,0,1
27Oct2005Obama632.txt,1,0,0,0
27Sep2005Obama648.txt,1,0,0,0
27Sep2006Obama498.txt,0,1,0,0
27Sep2007Obama266.txt,0,0,1,0
27Sep2007Obama267.txt,0,0,1,0
28Apr2008Obama90.txt,0,0,0,1
28Apr2008Obama91.txt,0,0,0,1
28Apr2008Obama92.txt,0,0,0,1
28Dec2007Obama166.txt,0,0,1,0
28Feb2006Obama579.txt,0,1,0,0
28Feb2008Obama140.txt,0,0,0,1
28Jan2008Obama156.txt,0,0,0,1
28Jan2008Obama157.txt,0,0,0,1
28Jul2005Obama683.txt,1,0,0,0
28Jul2005Obama684.txt,1,0,0,0
28Jul2005Obama685.txt,1,0,0,0
28Jul2005Obama686.txt,1,0,0,0
28Jun2005Obama697.txt,1,0,0,0
28Jun2005Obama698.txt,1,0,0,0
28Jun2005Obama699.txt,1,0,0,0
28Jun2007Obama352.txt,0,0,1,0
28Jun2007Obama353.txt,0,0,1,0
28Mar2006Obama564.txt,0,1,0,0
28Mar2006Obama565.txt,0,1,0,0
28Mar2006Obama566.txt,0,1,0,0
28Mar2007Obama438.txt,0,0,1,0
28Mar2008Obama123.txt,0,0,0,1
28Oct2005Obama630.txt,1,0,0,0
28Oct2005Obama631.txt,1,0,0,0
28Sep2005Obama647.txt,1,0,0,0
28Sep2007Obama264.txt,0,0,1,0
28Sep2007Obama265.txt,0,0,1,0
29Apr2008Obama89.txt,0,0,0,1
29Aug2007Obama294.txt,0,0,1,0
29Jul2005Obama681.txt,1,0,0,0
29Jul2005Obama682.txt,1,0,0,0
29Jul2008Obama2.txt,0,0,0,1
29Jul2008Obama3.txt,0,0,0,1
29Jul2008Obama4.txt,0,0,0,1
29Jul2008Obama5.txt,0,0,0,1
29Jun2005Obama696.txt,1,0,0,0
29Jun2006Obama522.txt,0,1,0,0
29Jun2007Obama350.txt,0,0,1,0
29Jun2007Obama351.txt,0,0,1,0
29Mar2006Obama563.txt,0,1,0,0
29Mar2007Obama434.txt,0,0,1,0
29Mar2007Obama435.txt,0,0,1,0
29Mar2007Obama436.txt,0,0,1,0
29Mar2007Obama437.txt,0,0,1,0
29May2007Obama387.txt,0,0,1,0
29May2007Obama388.txt,0,0,1,0
29Nov2007Obama203.txt,0,0,1,0
29Sep2005Obama644.txt,1,0,0,0
29Sep2005Obama645.txt,1,0,0,0
29Sep2005Obama646.txt,1,0,0,0
29Sep2006Obama496.txt,0,1,0,0
29Sep2006Obama497.txt,0,1,0,0
2Apr2008Obama119.txt,0,0,0,1
2Aug2007Obama317.txt,0,0,1,0
2Aug2007Obama318.txt,0,0,1,0
2Aug2007Obama319.txt,0,0,1,0
2Dec2005Obama612.txt,1,0,0,0
2Feb2006Obama593.txt,0,1,0,0
2Feb2006Obama594.txt,0,1,0,0
2Jul2008Obama31.txt,0,0,0,1
2Jun2006Obama539.txt,0,1,0,0
2May2007Obama415.txt,0,0,1,0
2May2008Obama84.txt,0,0,0,1
2Nov2005Obama626.txt,1,0,0,0
2Nov2007Obama222.txt,0,0,1,0
2Oct2006Obama494.txt,0,1,0,0
2Oct2006Obama495.txt,0,1,0,0
2Oct2007Obama261.txt,0,0,1,0
2Sep2005Obama669.txt,1,0,0,0
30Apr2008Obama88.txt,0,0,0,1
30Aug2005Obama671.txt,1,0,0,0
30Dec2006Obama475.txt,0,1,0,0
30Jan2007Obama466.txt,0,0,1,0
30Jan2008Obama155.txt,0,0,0,1
30Jul2008Obama0.txt,0,0,0,1
30Jul2008Obama1.txt,0,0,0,1
30Jun2005Obama695.txt,1,0,0,0
30Jun2006Obama521.txt,0,1,0,0
30Mar2006Obama562.txt,0,1,0,0
30Mar2007Obama433.txt,0,0,1,0
30May2007Obama386.txt,0,0,1,0
30May2008Obama68.txt,0,0,0,1
30Nov2005Obama615.txt,1,0,0,0
30Nov2006Obama482.txt,0,1,0,0
30Oct2007Obama226.txt,0,0,1,0
30Oct2007Obama227.txt,0,0,1,0
30Oct2007Obama228.txt,0,0,1,0
30Sep2005Obama642.txt,1,0,0,0
30Sep2005Obama643.txt,1,0,0,0
31Aug2005Obama670.txt,1,0,0,0
31Jan2006Obama597.txt,0,1,0,0
31Jan2006Obama598.txt,0,1,0,0
31Jan2008Obama154.txt,0,0,0,1
31Jul2006Obama511.txt,0,1,0,0
31Jul2006Obama512.txt,0,1,0,0
31Jul2007Obama320.txt,0,0,1,0
31Jul2007Obama321.txt,0,0,1,0
31Mar2006Obama561.txt,0,1,0,0
31Mar2008Obama121.txt,0,0,0,1
31Mar2008Obama122.txt,0,0,0,1
31Oct2005Obama629.txt,1,0,0,0
31Oct2007Obama225.txt,0,0,1,0
3Apr2006Obama560.txt,0,1,0,0
3Apr2008Obama118.txt,0,0,0,1
3Aug2006Obama510.txt,0,1,0,0
3Aug2007Obama315.txt,0,0,1,0
3Aug2007Obama316.txt,0,0,1,0
3Jun2008Obama67.txt,0,0,0,1
3Mar2006Obama576.txt,0,1,0,0
3Mar2008Obama139.txt,0,0,0,1
3Nov2005Obama624.txt,1,0,0,0
3Nov2005Obama625.txt,1,0,0,0
3Oct2005Obama641.txt,1,0,0,0
3Oct2006Obama493.txt,0,1,0,0
3Oct2007Obama259.txt,0,0,1,0
3Oct2007Obama260.txt,0,0,1,0
4Apr2006Obama559.txt,0,1,0,0
4Apr2007Obama432.txt,0,0,1,0
4Apr2008Obama116.txt,0,0,0,1
4Apr2008Obama117.txt,0,0,0,1
4Dec2007Obama201.txt,0,0,1,0
4Dec2007Obama202.txt,0,0,1,0
4Jan2007Obama474.txt,0,0,1,0
4Jun2007Obama385.txt,0,0,1,0
4Jun2008Obama65.txt,0,0,0,1
4Jun2008Obama66.txt,0,0,0,1
4May2006Obama553.txt,0,1,0,0
4May2006Obama554.txt,0,1,0,0
4Oct2006Obama492.txt,0,1,0,0
4Oct2007Obama258.txt,0,0,1,0
4Sep2005Obama668.txt,1,0,0,0
4Sep2007Obama293.txt,0,0,1,0
5Apr2006Obama558.txt,0,1,0,0
5Aug2005Obama679.txt,1,0,0,0
5Dec2006Obama481.txt,0,1,0,0
5Dec2007Obama199.txt,0,0,1,0
5Dec2007Obama200.txt,0,0,1,0
5Jan2007Obama473.txt,0,0,1,0
5Jun2007Obama383.txt,0,0,1,0
5Jun2007Obama384.txt,0,0,1,0
5Mar2007Obama459.txt,0,0,1,0
5Mar2008Obama138.txt,0,0,0,1
5Nov2007Obama220.txt,0,0,1,0
5Nov2007Obama221.txt,0,0,1,0
5Oct2006Obama491.txt,0,1,0,0
5Oct2007Obama256.txt,0,0,1,0
5Oct2007Obama257.txt,0,0,1,0
5Sep2005Obama667.txt,1,0,0,0
5Sep2006Obama504.txt,0,1,0,0
5Sep2007Obama292.txt,0,0,1,0
6Aug2005Obama678.txt,1,0,0,0
6Aug2007Obama314.txt,0,0,1,0
6Dec2006Obama479.txt,0,1,0,0
6Dec2006Obama480.txt,0,1,0,0
6Dec2007Obama195.txt,0,0,1,0
6Dec2007Obama196.txt,0,0,1,0
6Dec2007Obama197.txt,0,0,1,0
6Dec2007Obama198.txt,0,0,1,0
6Feb2006Obama591.txt,0,1,0,0
6Feb2006Obama592.txt,0,1,0,0
6Jan2006Obama605.txt,0,1,0,0
6Mar2007Obama458.txt,0,0,1,0
6Mar2008Obama136.txt,0,0,0,1
6Mar2008Obama137.txt,0,0,0,1
6Nov2007Obama219.txt,0,0,1,0
6Oct2005Obama640.txt,1,0,0,0
6Sep2007Obama290.txt,0,0,1,0
6Sep2007Obama291.txt,0,0,1,0
7Apr2006Obama556.txt,0,1,0,0
7Apr2006Obama557.txt,0,1,0,0
7Apr2008Obama113.txt,0,0,0,1
7Apr2008Obama114.txt,0,0,0,1
7Apr2008Obama115.txt,0,0,0,1
7Aug2007Obama311.txt,0,0,1,0
7Aug2007Obama312.txt,0,0,1,0
7Aug2007Obama313.txt,0,0,1,0
7Dec2007Obama193.txt,0,0,1,0
7Dec2007Obama194.txt,0,0,1,0
7Feb2008Obama153.txt,0,0,0,1
7Jul2005Obama694.txt,1,0,0,0
7Jun2006Obama534.txt,0,1,0,0
7Jun2006Obama535.txt,0,1,0,0
7Jun2006Obama536.txt,0,1,0,0
7Jun2006Obama537.txt,0,1,0,0
7Jun2006Obama538.txt,0,1,0,0
7Jun2007Obama378.txt,0,0,1,0
7Jun2007Obama379.txt,0,0,1,0
7Jun2007Obama380.txt,0,0,1,0
7Jun2007Obama381.txt,0,0,1,0
7Jun2007Obama382.txt,0,0,1,0
7Mar2006Obama575.txt,0,1,0,0
7Mar2007Obama456.txt,0,0,1,0
7Mar2007Obama457.txt,0,0,1,0
7Mar2008Obama135.txt,0,0,0,1
7May2007Obama414.txt,0,0,1,0
7Nov2007Obama218.txt,0,0,1,0
7Oct2005Obama639.txt,1,0,0,0
7Sep2005Obama666.txt,1,0,0,0
7Sep2007Obama288.txt,0,0,1,0
7Sep2007Obama289.txt,0,0,1,0
8Apr2008Obama111.txt,0,0,0,1
8Apr2008Obama112.txt,0,0,0,1
8Aug2007Obama310.txt,0,0,1,0
8Dec2005Obama611.txt,1,0,0,0
8Dec2006Obama478.txt,0,1,0,0
8Feb2006Obama589.txt,0,1,0,0
8Feb2006Obama590.txt,0,1,0,0
8Feb2007Obama465.txt,0,0,1,0
8Jun2005Obama704.txt,1,0,0,0
8Jun2006Obama533.txt,0,1,0,0
8Mar2006Obama574.txt,0,1,0,0
8Mar2007Obama455.txt,0,0,1,0
8May2006Obama552.txt,0,1,0,0
8May2007Obama411.txt,0,0,1,0
8May2007Obama412.txt,0,0,1,0
8May2007Obama413.txt,0,0,1,0
8May2008Obama83.txt,0,0,0,1
8Nov2005Obama623.txt,1,0,0,0
8Nov2006Obama486.txt,0,1,0,0
8Nov2007Obama216.txt,0,0,1,0
8Nov2007Obama217.txt,0,0,1,0
8Sep2005Obama664.txt,1,0,0,0
8Sep2005Obama665.txt,1,0,0,0
8Sep2006Obama502.txt,0,1,0,0
8Sep2006Obama503.txt,0,1,0,0
9Apr2007Obama431.txt,0,0,1,0
9Apr2008Obama109.txt,0,0,0,1
9Apr2008Obama110.txt,0,0,0,1
9Aug2005Obama676.txt,1,0,0,0
9Aug2005Obama677.txt,1,0,0,0
9Aug2006Obama509.txt,0,1,0,0
9Aug2007Obama308.txt,0,0,1,0
9Aug2007Obama309.txt,0,0,1,0
9Feb2006Obama588.txt,0,1,0,0
9Jan2006Obama604.txt,0,1,0,0
9Jul2008Obama30.txt,0,0,0,1
9Jun2006Obama532.txt,0,1,0,0
9Mar2006Obama573.txt,0,1,0,0
9Mar2007Obama454.txt,0,0,1,0
9May2007Obama410.txt,0,0,1,0
9Nov2007Obama215.txt,0,0,1,0
9Sep2005Obama663.txt,1,0,0,0
01Apr2007Klobuchar323.txt,0,0,1,0
01Apr2008Klobuchar93.txt,0,0,0,1
01Apr2008Klobuchar94.txt,0,0,0,1
01Aug2007Klobuchar267.txt,0,0,1,0
01Feb2007Klobuchar343.txt,0,0,1,0
01Feb2008Klobuchar122.txt,0,0,0,1
01Mar2007Klobuchar335.txt,0,0,1,0
01May2007Klobuchar317.txt,0,0,1,0
01May2008Klobuchar68.txt,0,0,0,1
01May2008Klobuchar69.txt,0,0,0,1
01Nov2007Klobuchar189.txt,0,0,1,0
01Nov2007Klobuchar190.txt,0,0,1,0
01Oct2007Klobuchar212.txt,0,0,1,0
01Oct2007Klobuchar213.txt,0,0,1,0
01Oct2007Klobuchar214.txt,0,0,1,0
02Apr2008Klobuchar92.txt,0,0,0,1
02Aug2007Klobuchar259.txt,0,0,1,0
02Aug2007Klobuchar260.txt,0,0,1,0
02Aug2007Klobuchar261.txt,0,0,1,0
02Aug2007Klobuchar262.txt,0,0,1,0
02Aug2007Klobuchar263.txt,0,0,1,0
02Aug2007Klobuchar264.txt,0,0,1,0
02Aug2007Klobuchar265.txt,0,0,1,0
02Aug2007Klobuchar266.txt,0,0,1,0
02Jan2008Klobuchar146.txt,0,0,0,1
02Jun2008Klobuchar38.txt,0,0,0,1
02May2008Klobuchar67.txt,0,0,0,1
02Nov2007Klobuchar187.txt,0,0,1,0
02Nov2007Klobuchar188.txt,0,0,1,0
03Apr2008Klobuchar89.txt,0,0,0,1
03Apr2008Klobuchar90.txt,0,0,0,1
03Apr2008Klobuchar91.txt,0,0,0,1
03Aug2007Klobuchar257.txt,0,0,1,0
03Aug2007Klobuchar258.txt,0,0,1,0
03Jan2008Klobuchar143.txt,0,0,0,1
03Jan2008Klobuchar144.txt,0,0,0,1
03Jan2008Klobuchar145.txt,0,0,0,1
03Jun2008Klobuchar37.txt,0,0,0,1
03Mar2008Klobuchar110.txt,0,0,0,1
03May2007Klobuchar316.txt,0,0,1,0
03Oct2007Klobuchar211.txt,0,0,1,0
04Dec2007Klobuchar170.txt,0,0,1,0
04Jan2007Klobuchar357.txt,0,0,1,0
04Jun2008Klobuchar36.txt,0,0,0,1
04Mar2008Klobuchar109.txt,0,0,0,1
04Nov2007Klobuchar185.txt,0,0,1,0
04Nov2007Klobuchar186.txt,0,0,1,0
04Oct2007Klobuchar209.txt,0,0,1,0
04Oct2007Klobuchar210.txt,0,0,1,0
05Dec2007Klobuchar168.txt,0,0,1,0
05Dec2007Klobuchar169.txt,0,0,1,0
05Jun2007Klobuchar305.txt,0,0,1,0
05Mar2008Klobuchar107.txt,0,0,0,1
05Mar2008Klobuchar108.txt,0,0,0,1
05May2008Klobuchar65.txt,0,0,0,1
05May2008Klobuchar66.txt,0,0,0,1
06Dec2007Klobuchar166.txt,0,0,1,0
06Dec2007Klobuchar167.txt,0,0,1,0
06Feb2007Klobuchar342.txt,0,0,1,0
06Jun2007Klobuchar303.txt,0,0,1,0
06Jun2007Klobuchar304.txt,0,0,1,0
06Jun2008Klobuchar34.txt,0,0,0,1
06Jun2008Klobuchar35.txt,0,0,0,1
06Mar2008Klobuchar105.txt,0,0,0,1
06Mar2008Klobuchar106.txt,0,0,0,1
06May2008Klobuchar62.txt,0,0,0,1
06May2008Klobuchar63.txt,0,0,0,1
06May2008Klobuchar64.txt,0,0,0,1
06Nov2007Klobuchar184.txt,0,0,1,0
06Sep2007Klobuchar236.txt,0,0,1,0
06Sep2007Klobuchar237.txt,0,0,1,0
06Sep2007Klobuchar238.txt,0,0,1,0
06Sep2007Klobuchar239.txt,0,0,1,0
07Apr2008Klobuchar88.txt,0,0,0,1
07Aug2007Klobuchar254.txt,0,0,1,0
07Aug2007Klobuchar255.txt,0,0,1,0
07Aug2007Klobuchar256.txt,0,0,1,0
07Dec2007Klobuchar165.txt,0,0,1,0
07Feb2007Klobuchar341.txt,0,0,1,0
07Jul2008Klobuchar21.txt,0,0,0,1
07Mar2007Klobuchar334.txt,0,0,1,0
07May2008Klobuchar60.txt,0,0,0,1
07May2008Klobuchar61.txt,0,0,0,1
07Nov2007Klobuchar183.txt,0,0,1,0
07Oct2007Klobuchar208.txt,0,0,1,0
07Sep2007Klobuchar234.txt,0,0,1,0
07Sep2007Klobuchar235.txt,0,0,1,0
08Apr2008Klobuchar87.txt,0,0,0,1
08Aug2007Klobuchar253.txt,0,0,1,0
08Dec2007Klobuchar164.txt,0,0,1,0
08Feb2008Klobuchar121.txt,0,0,0,1
08Jan2007Klobuchar355.txt,0,0,1,0
08Jan2007Klobuchar356.txt,0,0,1,0
08Jul2008Klobuchar20.txt,0,0,0,1
08Jun2007Klobuchar302.txt,0,0,1,0
08Mar2008Klobuchar104.txt,0,0,0,1
08May2008Klobuchar56.txt,0,0,0,1
08May2008Klobuchar57.txt,0,0,0,1
08May2008Klobuchar58.txt,0,0,0,1
08May2008Klobuchar59.txt,0,0,0,1
08Nov2007Klobuchar180.txt,0,0,1,0
08Nov2007Klobuchar181.txt,0,0,1,0
08Nov2007Klobuchar182.txt,0,0,1,0
09Feb2007Klobuchar340.txt,0,0,1,0
09Jul2007Klobuchar291.txt,0,0,1,0
09Jul2008Klobuchar18.txt,0,0,0,1
09Jul2008Klobuchar19.txt,0,0,0,1
09Jun2008Klobuchar33.txt,0,0,0,1
09May2007Klobuchar314.txt,0,0,1,0
09May2007Klobuchar315.txt,0,0,1,0
09Nov2007Klobuchar178.txt,0,0,1,0
09Nov2007Klobuchar179.txt,0,0,1,0
09Oct2007Klobuchar207.txt,0,0,1,0
10Apr2008Klobuchar86.txt,0,0,0,1
10Jan2007Klobuchar353.txt,0,0,1,0
10Jan2007Klobuchar354.txt,0,0,1,0
10Jan2008Klobuchar142.txt,0,0,0,1
10Jul2007Klobuchar290.txt,0,0,1,0
10Jul2008Klobuchar16.txt,0,0,0,1
10Jul2008Klobuchar17.txt,0,0,0,1
10Jun2008Klobuchar32.txt,0,0,0,1
10Mar2008Klobuchar103.txt,0,0,0,1
11Apr2007Klobuchar322.txt,0,0,1,0
11Dec2007Klobuchar163.txt,0,0,1,0
11Jan2008Klobuchar141.txt,0,0,0,1
11Jul2007Klobuchar288.txt,0,0,1,0
11Jul2007Klobuchar289.txt,0,0,1,0
11Jul2008Klobuchar15.txt,0,0,0,1
11Jun2007Klobuchar301.txt,0,0,1,0
11Jun2008Klobuchar31.txt,0,0,0,1
11May2007Klobuchar313.txt,0,0,1,0
11Sep2007Klobuchar231.txt,0,0,1,0
11Sep2007Klobuchar232.txt,0,0,1,0
11Sep2007Klobuchar233.txt,0,0,1,0
12Dec2007Klobuchar161.txt,0,0,1,0
12Dec2007Klobuchar162.txt,0,0,1,0
12Jan2007Klobuchar352.txt,0,0,1,0
12Jul2007Klobuchar286.txt,0,0,1,0
12Jul2007Klobuchar287.txt,0,0,1,0
12Jun2008Klobuchar30.txt,0,0,0,1
12Mar2008Klobuchar100.txt,0,0,0,1
12Mar2008Klobuchar101.txt,0,0,0,1
12Mar2008Klobuchar102.txt,0,0,0,1
12May2008Klobuchar55.txt,0,0,0,1
12Nov2007Klobuchar177.txt,0,0,1,0
12Sep2007Klobuchar227.txt,0,0,1,0
12Sep2007Klobuchar228.txt,0,0,1,0
12Sep2007Klobuchar229.txt,0,0,1,0
12Sep2007Klobuchar230.txt,0,0,1,0
13Dec2007Klobuchar158.txt,0,0,1,0
13Dec2007Klobuchar159.txt,0,0,1,0
13Dec2007Klobuchar160.txt,0,0,1,0
13Feb2007Klobuchar339.txt,0,0,1,0
13Jul2007Klobuchar285.txt,0,0,1,0
13Mar2008Klobuchar99.txt,0,0,0,1
13May2008Klobuchar54.txt,0,0,0,1
13Nov2007Klobuchar176.txt,0,0,1,0
14Apr2008Klobuchar85.txt,0,0,0,1
14Aug2007Klobuchar251.txt,0,0,1,0
14Aug2007Klobuchar252.txt,0,0,1,0
14Dec2007Klobuchar155.txt,0,0,1,0
14Dec2007Klobuchar156.txt,0,0,1,0
14Dec2007Klobuchar157.txt,0,0,1,0
14Feb2008Klobuchar118.txt,0,0,0,1
14Feb2008Klobuchar119.txt,0,0,0,1
14Feb2008Klobuchar120.txt,0,0,0,1
14Jan2008Klobuchar138.txt,0,0,0,1
14Jan2008Klobuchar139.txt,0,0,0,1
14Jan2008Klobuchar140.txt,0,0,0,1
14Jul2008Klobuchar14.txt,0,0,0,1
14May2008Klobuchar53.txt,0,0,0,1
14Nov2007Klobuchar174.txt,0,0,1,0
14Nov2007Klobuchar175.txt,0,0,1,0
15Apr2008Klobuchar84.txt,0,0,0,1
15Feb2007Klobuchar338.txt,0,0,1,0
15Jul2008Klobuchar11.txt,0,0,0,1
15Jul2008Klobuchar12.txt,0,0,0,1
15Jul2008Klobuchar13.txt,0,0,0,1
15Mar2007Klobuchar332.txt,0,0,1,0
15Mar2007Klobuchar333.txt,0,0,1,0
15May2007Klobuchar312.txt,0,0,1,0
15May2008Klobuchar52.txt,0,0,0,1
16Apr2008Klobuchar83.txt,0,0,0,1
16Feb2008Klobuchar117.txt,0,0,0,1
16Jan2008Klobuchar137.txt,0,0,0,1
16Jul2007Klobuchar284.txt,0,0,1,0
16Jul2008Klobuchar10.txt,0,0,0,1
16Jun2008Klobuchar29.txt,0,0,0,1
16May2007Klobuchar311.txt,0,0,1,0
16Nov2007Klobuchar173.txt,0,0,1,0
16Oct2007Klobuchar204.txt,0,0,1,0
16Oct2007Klobuchar205.txt,0,0,1,0
16Oct2007Klobuchar206.txt,0,0,1,0
17Dec2007Klobuchar152.txt,0,0,1,0
17Dec2007Klobuchar153.txt,0,0,1,0
17Dec2007Klobuchar154.txt,0,0,1,0
17Jan2007Klobuchar350.txt,0,0,1,0
17Jan2007Klobuchar351.txt,0,0,1,0
17Jul2007Klobuchar282.txt,0,0,1,0
17Jul2007Klobuchar283.txt,0,0,1,0
17Jun2008Klobuchar27.txt,0,0,0,1
17Jun2008Klobuchar28.txt,0,0,0,1
17May2007Klobuchar310.txt,0,0,1,0
17Oct2007Klobuchar202.txt,0,0,1,0
17Oct2007Klobuchar203.txt,0,0,1,0
17Sep2007Klobuchar224.txt,0,0,1,0
17Sep2007Klobuchar225.txt,0,0,1,0
17Sep2007Klobuchar226.txt,0,0,1,0
18Apr2007Klobuchar321.txt,0,0,1,0
18Apr2008Klobuchar82.txt,0,0,0,1
18Dec2007Klobuchar150.txt,0,0,1,0
18Dec2007Klobuchar151.txt,0,0,1,0
18Jan2008Klobuchar135.txt,0,0,0,1
18Jan2008Klobuchar136.txt,0,0,0,1
18Jul2007Klobuchar280.txt,0,0,1,0
18Jul2007Klobuchar281.txt,0,0,1,0
18Oct2007Klobuchar201.txt,0,0,1,0
18Sep2007Klobuchar222.txt,0,0,1,0
18Sep2007Klobuchar223.txt,0,0,1,0
19Aug2007Klobuchar250.txt,0,0,1,0
19Dec2007Klobuchar149.txt,0,0,1,0
19Feb2008Klobuchar114.txt,0,0,0,1
19Feb2008Klobuchar115.txt,0,0,0,1
19Feb2008Klobuchar116.txt,0,0,0,1
19Jul2007Klobuchar279.txt,0,0,1,0
19Jun2007Klobuchar300.txt,0,0,1,0
19Nov2007Klobuchar172.txt,0,0,1,0
19Sep2007Klobuchar221.txt,0,0,1,0
20Dec2007Klobuchar148.txt,0,0,1,0
20Jul2007Klobuchar278.txt,0,0,1,0
20Jun2008Klobuchar26.txt,0,0,0,1
20Mar2007Klobuchar330.txt,0,0,1,0
20Mar2007Klobuchar331.txt,0,0,1,0
20May2008Klobuchar51.txt,0,0,0,1
20Nov2007Klobuchar171.txt,0,0,1,0
20Oct2007Klobuchar200.txt,0,0,1,0
20Sep2007Klobuchar220.txt,0,0,1,0
21Apr2007Klobuchar320.txt,0,0,1,0
21Aug2007Klobuchar249.txt,0,0,1,0
21Jul2008Klobuchar8.txt,0,0,0,1
21Jul2008Klobuchar9.txt,0,0,0,1
21Jun2007Klobuchar297.txt,0,0,1,0
21Jun2007Klobuchar298.txt,0,0,1,0
21Jun2007Klobuchar299.txt,0,0,1,0
21Mar2007Klobuchar329.txt,0,0,1,0
21Mar2008Klobuchar98.txt,0,0,0,1
21May2008Klobuchar49.txt,0,0,0,1
21May2008Klobuchar50.txt,0,0,0,1
22Apr2008Klobuchar80.txt,0,0,0,1
22Apr2008Klobuchar81.txt,0,0,0,1
22Aug2007Klobuchar248.txt,0,0,1,0
22Jan2008Klobuchar134.txt,0,0,0,1
22Jun2007Klobuchar296.txt,0,0,1,0
22May2008Klobuchar45.txt,0,0,0,1
22May2008Klobuchar46.txt,0,0,0,1
22May2008Klobuchar47.txt,0,0,0,1
22May2008Klobuchar48.txt,0,0,0,1
23Apr2008Klobuchar79.txt,0,0,0,1
23Jan2008Klobuchar133.txt,0,0,0,1
23Jul2007Klobuchar276.txt,0,0,1,0
23Jul2007Klobuchar277.txt,0,0,1,0
23Jul2008Klobuchar6.txt,0,0,0,1
23Jul2008Klobuchar7.txt,0,0,0,1
23Jun2008Klobuchar25.txt,0,0,0,1
23Mar2007Klobuchar328.txt,0,0,1,0
23May2008Klobuchar44.txt,0,0,0,1
23Oct2007Klobuchar198.txt,0,0,1,0
23Oct2007Klobuchar199.txt,0,0,1,0
24Apr2008Klobuchar77.txt,0,0,0,1
24Apr2008Klobuchar78.txt,0,0,0,1
24Aug2007Klobuchar244.txt,0,0,1,0
24Aug2007Klobuchar245.txt,0,0,1,0
24Aug2007Klobuchar246.txt,0,0,1,0
24Aug2007Klobuchar247.txt,0,0,1,0
24Jan2007Klobuchar349.txt,0,0,1,0
24Jan2008Klobuchar130.txt,0,0,0,1
24Jan2008Klobuchar131.txt,0,0,0,1
24Jan2008Klobuchar132.txt,0,0,0,1
24Jul2007Klobuchar274.txt,0,0,1,0
24Jul2007Klobuchar275.txt,0,0,1,0
24Jul2008Klobuchar4.txt,0,0,0,1
24Jul2008Klobuchar5.txt,0,0,0,1
24Jun2008Klobuchar24.txt,0,0,0,1
24May2007Klobuchar308.txt,0,0,1,0
24May2007Klobuchar309.txt,0,0,1,0
24Oct2007Klobuchar197.txt,0,0,1,0
24Sep2007Klobuchar218.txt,0,0,1,0
24Sep2007Klobuchar219.txt,0,0,1,0
25Apr2007Klobuchar319.txt,0,0,1,0
25Apr2008Klobuchar76.txt,0,0,0,1
25Jan2007Klobuchar348.txt,0,0,1,0
25Jan2008Klobuchar128.txt,0,0,0,1
25Jan2008Klobuchar129.txt,0,0,0,1
25Jul2007Klobuchar273.txt,0,0,1,0
25Jul2008Klobuchar1.txt,0,0,0,1
25Jul2008Klobuchar2.txt,0,0,0,1
25Jul2008Klobuchar3.txt,0,0,0,1
25Jun2007Klobuchar295.txt,0,0,1,0
25Jun2008Klobuchar23.txt,0,0,0,1
25Mar2008Klobuchar97.txt,0,0,0,1
25Oct2007Klobuchar193.txt,0,0,1,0
25Oct2007Klobuchar194.txt,0,0,1,0
25Oct2007Klobuchar195.txt,0,0,1,0
25Oct2007Klobuchar196.txt,0,0,1,0
26Apr2007Klobuchar318.txt,0,0,1,0
26Apr2008Klobuchar75.txt,0,0,0,1
26Feb2007Klobuchar337.txt,0,0,1,0
26Feb2008Klobuchar113.txt,0,0,0,1
26Mar2007Klobuchar327.txt,0,0,1,0
26Sep2007Klobuchar216.txt,0,0,1,0
26Sep2007Klobuchar217.txt,0,0,1,0
27Aug2007Klobuchar242.txt,0,0,1,0
27Aug2007Klobuchar243.txt,0,0,1,0
27Feb2008Klobuchar112.txt,0,0,0,1
27Jul2007Klobuchar272.txt,0,0,1,0
27Jun2008Klobuchar22.txt,0,0,0,1
27May2008Klobuchar42.txt,0,0,0,1
27May2008Klobuchar43.txt,0,0,0,1
27Sep2007Klobuchar215.txt,0,0,1,0
28Apr2008Klobuchar74.txt,0,0,0,1
28Aug2007Klobuchar241.txt,0,0,1,0
28Feb2007Klobuchar336.txt,0,0,1,0
28Jan2008Klobuchar127.txt,0,0,0,1
28Jul2008Klobuchar0.txt,0,0,0,1
28Jun2007Klobuchar294.txt,0,0,1,0
28Mar2007Klobuchar326.txt,0,0,1,0
28May2007Klobuchar307.txt,0,0,1,0
28May2008Klobuchar40.txt,0,0,0,1
28May2008Klobuchar41.txt,0,0,0,1
29Apr2008Klobuchar71.txt,0,0,0,1
29Apr2008Klobuchar72.txt,0,0,0,1
29Apr2008Klobuchar73.txt,0,0,0,1
29Feb2008Klobuchar111.txt,0,0,0,1
29Jun2007Klobuchar292.txt,0,0,1,0
29Jun2007Klobuchar293.txt,0,0,1,0
29Mar2007Klobuchar325.txt,0,0,1,0
29Mar2008Klobuchar96.txt,0,0,0,1
29May2008Klobuchar39.txt,0,0,0,1
30Apr2008Klobuchar70.txt,0,0,0,1
30Jan2007Klobuchar346.txt,0,0,1,0
30Jan2007Klobuchar347.txt,0,0,1,0
30Jan2008Klobuchar125.txt,0,0,0,1
30Jan2008Klobuchar126.txt,0,0,0,1
30Mar2007Klobuchar324.txt,0,0,1,0
30Oct2007Klobuchar192.txt,0,0,1,0
31Aug2007Klobuchar240.txt,0,0,1,0
31Dec2007Klobuchar147.txt,0,0,1,0
31Jan2007Klobuchar344.txt,0,0,1,0
31Jan2007Klobuchar345.txt,0,0,1,0
31Jan2008Klobuchar123.txt,0,0,0,1
31Jan2008Klobuchar124.txt,0,0,0,1
31Jul2007Klobuchar268.txt,0,0,1,0
31Jul2007Klobuchar269.txt,0,0,1,0
31Jul2007Klobuchar270.txt,0,0,1,0
31Jul2007Klobuchar271.txt,0,0,1,0
31Mar2008Klobuchar95.txt,0,0,0,1
31May2007Klobuchar306.txt,0,0,1,0
31Oct2007Klobuchar191.txt,0,0,1,0
01Aug2006McCain71.txt,0,1,0,0
01Feb2007McCain22.txt,0,0,1,0
01Feb2007McCain23.txt,0,0,1,0
01Jul2005McCain54.txt,1,0,0,0
01Jun2006McCain44.txt,0,1,0,0
01Mar2005McCain19.txt,1,0,0,0
01Mar2007McCain29.txt,0,0,1,0
01Mar2007McCain30.txt,0,0,1,0
01May2007McCain42.txt,0,0,1,0
01Nov2007McCain94.txt,0,0,1,0
01Sep2005McCain65.txt,1,0,0,0
02Apr2005McCain29.txt,1,0,0,0
02Aug2005McCain64.txt,1,0,0,0
02Aug2007McCain64.txt,0,0,1,0
02Feb2005McCain7.txt,1,0,0,0
02Feb2007McCain24.txt,0,0,1,0
02Mar2005McCain20.txt,1,0,0,0
02May2006McCain35.txt,0,1,0,0
02Oct2007McCain81.txt,0,0,1,0
03Aug2006McCain72.txt,0,1,0,0
03Feb2005McCain8.txt,1,0,0,0
03Jan2006McCain1.txt,0,1,0,0
03Jun2006McCain45.txt,0,1,0,0
03Mar2005McCain21.txt,1,0,0,0
03May2006McCain36.txt,0,1,0,0
03May2007McCain43.txt,0,0,1,0
03Nov2007McCain95.txt,0,0,1,0
03Oct2005McCain72.txt,1,0,0,0
04Dec2006McCain97.txt,0,1,0,0
04Jan2006McCain2.txt,0,1,0,0
04Jan2007McCain1.txt,0,0,1,0
04Jan2007McCain2.txt,0,0,1,0
04Jan2007McCain3.txt,0,0,1,0
04Jan2007McCain4.txt,0,0,1,0
04Jan2007McCain5.txt,0,0,1,0
04Jan2007McCain6.txt,0,0,1,0
04Jan2007McCain7.txt,0,0,1,0
04Jul2007McCain54.txt,0,0,1,0
04Jul2007McCain55.txt,0,0,1,0
04Nov2005McCain79.txt,1,0,0,0
04Sep2005McCain66.txt,1,0,0,0
05Apr2005McCain30.txt,1,0,0,0
05Apr2006McCain31.txt,0,1,0,0
05Dec2005McCain84.txt,1,0,0,0
05Jan2006McCain3.txt,0,1,0,0
05Jan2006McCain4.txt,0,1,0,0
05Jan2006McCain5.txt,0,1,0,0
05Jul2006McCain63.txt,0,1,0,0
05Jun2007McCain49.txt,0,0,1,0
05Oct2007McCain82.txt,0,0,1,0
05Sep2006McCain76.txt,0,1,0,0
05Sep2007McCain67.txt,0,0,1,0
05Sep2007McCain68.txt,0,0,1,0
06Apr2006McCain32.txt,0,1,0,0
06Apr2006McCain33.txt,0,1,0,0
06Dec2006McCain100.txt,0,1,0,0
06Dec2006McCain98.txt,0,1,0,0
06Dec2006McCain99.txt,0,1,0,0
06Dec2007McCain101.txt,0,0,1,0
06Feb2006McCain11.txt,0,1,0,0
06Jul2005McCain55.txt,1,0,0,0
06Jun2006McCain46.txt,0,1,0,0
06Mar2006McCain21.txt,0,1,0,0
06Sep2005McCain67.txt,1,0,0,0
07Dec2005McCain85.txt,1,0,0,0
07Dec2006McCain101.txt,0,1,0,0
07Feb2007McCain25.txt,0,0,1,0
07Jun2006McCain47.txt,0,1,0,0
07Mar2006McCain22.txt,0,1,0,0
07Mar2007McCain31.txt,0,0,1,0
07Sep2005McCain68.txt,1,0,0,0
07Sep2006McCain77.txt,0,1,0,0
08Aug2007McCain65.txt,0,0,1,0
08Dec2006McCain102.txt,0,1,0,0
08Dec2006McCain103.txt,0,1,0,0
08Feb2005McCain10.txt,1,0,0,0
08Feb2005McCain9.txt,1,0,0,0
08Feb2006McCain12.txt,0,1,0,0
08Feb2006McCain13.txt,0,1,0,0
08Feb2007McCain26.txt,0,0,1,0
08Jun2006McCain48.txt,0,1,0,0
08Jun2006McCain49.txt,0,1,0,0
08Mar2005McCain22.txt,1,0,0,0
08Nov2006McCain93.txt,0,1,0,0
08Nov2007McCain96.txt,0,0,1,0
08Sep2006McCain78.txt,0,1,0,0
09Feb2005McCain11.txt,1,0,0,0
09Feb2006McCain14.txt,0,1,0,0
09Feb2006McCain15.txt,0,1,0,0
09Mar2006McCain23.txt,0,1,0,0
09Mar2006McCain24.txt,0,1,0,0
09May2005McCain38.txt,1,0,0,0
09May2006McCain37.txt,0,1,0,0
09May2006McCain38.txt,0,1,0,0
09Nov2007McCain97.txt,0,0,1,0
09Oct2005McCain73.txt,1,0,0,0
10Feb2005McCain12.txt,1,0,0,0
10Jul2006McCain64.txt,0,1,0,0
10Jul2007McCain56.txt,0,0,1,0
10Mar2005McCain23.txt,1,0,0,0
10May2005McCain39.txt,1,0,0,0
10May2005McCain40.txt,1,0,0,0
10May2005McCain41.txt,1,0,0,0
10Oct2006McCain90.txt,0,1,0,0
10Oct2006McCain91.txt,0,1,0,0
10Oct2007McCain83.txt,0,0,1,0
11Apr2006McCain34.txt,0,1,0,0
11Apr2007McCain37.txt,0,0,1,0
11Mar2005McCain24.txt,1,0,0,0
11Sep2007McCain69.txt,0,0,1,0
11Sep2007McCain70.txt,0,0,1,0
12Jan2007McCain8.txt,0,0,1,0
12Jan2007McCain9.txt,0,0,1,0
12Jul2006McCain65.txt,0,1,0,0
12Jun2006McCain50.txt,0,1,0,0
12May2005McCain42.txt,1,0,0,0
12Oct2006McCain92.txt,0,1,0,0
12Sep2006McCain79.txt,0,1,0,0
12Sep2007McCain71.txt,0,0,1,0
12Sep2007McCain72.txt,0,0,1,0
13Apr2005McCain31.txt,1,0,0,0
13Apr2007McCain38.txt,0,0,1,0
13Dec2007McCain102.txt,0,0,1,0
13Jan2005McCain1.txt,1,0,0,0
13Jan2005McCain2.txt,1,0,0,0
13Jul2007McCain57.txt,0,0,1,0
13Jun2007McCain50.txt,0,0,1,0
13May2005McCain43.txt,1,0,0,0
13May2005McCain44.txt,1,0,0,0
14Dec2007McCain103.txt,0,0,1,0
14Dec2007McCain104.txt,0,0,1,0
14Feb2005McCain13.txt,1,0,0,0
14Feb2007McCain27.txt,0,0,1,0
14Jul2005McCain56.txt,1,0,0,0
14Jun2005McCain50.txt,1,0,0,0
14Jun2005McCain51.txt,1,0,0,0
14Jun2006McCain51.txt,0,1,0,0
14Nov2006McCain94.txt,0,1,0,0
14Nov2006McCain95.txt,0,1,0,0
14Sep2005McCain69.txt,1,0,0,0
15Feb2005McCain14.txt,1,0,0,0
15Feb2006McCain16.txt,0,1,0,0
15May2006McCain39.txt,0,1,0,0
15Nov2005McCain80.txt,1,0,0,0
15Nov2005McCain81.txt,1,0,0,0
15Nov2005McCain82.txt,1,0,0,0
15Nov2007McCain98.txt,0,0,1,0
15Oct2007McCain84.txt,0,0,1,0
15Sep2006McCain80.txt,0,1,0,0
15Sep2006McCain81.txt,0,1,0,0
16Apr2007McCain39.txt,0,0,1,0
16Feb2005McCain15.txt,1,0,0,0
16Feb2007McCain28.txt,0,0,1,0
16Jun2006McCain52.txt,0,1,0,0
16Mar2005McCain25.txt,1,0,0,0
16Mar2005McCain26.txt,1,0,0,0
16Mar2006McCain25.txt,0,1,0,0
16Mar2006McCain26.txt,0,1,0,0
16Nov2005McCain83.txt,1,0,0,0
16Nov2007McCain99.txt,0,0,1,0
16Oct2007McCain85.txt,0,0,1,0
17Jan2007McCain10.txt,0,0,1,0
17Jan2007McCain11.txt,0,0,1,0
17Jul2007McCain58.txt,0,0,1,0
17Jul2007McCain59.txt,0,0,1,0
17Jun2005McCain52.txt,1,0,0,0
17Mar2005McCain27.txt,1,0,0,0
17May2005McCain45.txt,1,0,0,0
17May2005McCain46.txt,1,0,0,0
17May2007McCain44.txt,0,0,1,0
17Oct2005McCain74.txt,1,0,0,0
17Oct2007McCain86.txt,0,0,1,0
18Dec2007McCain105.txt,0,0,1,0
18Feb2005McCain16.txt,1,0,0,0
18Jan2006McCain6.txt,0,1,0,0
18Jan2007McCain12.txt,0,0,1,0
18Jul2006McCain66.txt,0,1,0,0
18Jul2006McCain67.txt,0,1,0,0
18Jul2007McCain60.txt,0,0,1,0
18Jul2007McCain61.txt,0,0,1,0
18Sep2007McCain73.txt,0,0,1,0
19Feb2005McCain17.txt,1,0,0,0
19Jan2007McCain13.txt,0,0,1,0
19Jul2005McCain57.txt,1,0,0,0
19Jul2005McCain58.txt,1,0,0,0
19Jul2006McCain68.txt,0,1,0,0
19May2006McCain40.txt,0,1,0,0
19Sep2006McCain82.txt,0,1,0,0
20Jul2007McCain62.txt,0,0,1,0
20Sep2005McCain70.txt,1,0,0,0
20Sep2005McCain71.txt,1,0,0,0
20Sep2006McCain83.txt,0,1,0,0
20Sep2007McCain74.txt,0,0,1,0
20Sep2007McCain75.txt,0,0,1,0
20Sep2007McCain76.txt,0,0,1,0
21Apr2005McCain32.txt,1,0,0,0
21Apr2005McCain33.txt,1,0,0,0
21Feb2006McCain17.txt,0,1,0,0
21Jan2005McCain3.txt,1,0,0,0
21Jan2005McCain4.txt,1,0,0,0
21Mar2007McCain32.txt,0,0,1,0
22Feb2005McCain18.txt,1,0,0,0
22Jun2006McCain53.txt,0,1,0,0
22Jun2006McCain54.txt,0,1,0,0
22May2007McCain45.txt,0,0,1,0
22Sep2006McCain84.txt,0,1,0,0
22Sep2006McCain85.txt,0,1,0,0
23Aug2006McCain73.txt,0,1,0,0
23Feb2006McCain18.txt,0,1,0,0
23Jan2007McCain14.txt,0,0,1,0
23Jan2007McCain15.txt,0,0,1,0
23Jun2006McCain55.txt,0,1,0,0
23Jun2006McCain56.txt,0,1,0,0
23Jun2006McCain57.txt,0,1,0,0
23Oct2007McCain87.txt,0,0,1,0
24Aug2006McCain74.txt,0,1,0,0
24Jan2007McCain16.txt,0,0,1,0
24Jan2007McCain17.txt,0,0,1,0
24May2005McCain47.txt,1,0,0,0
24May2007McCain46.txt,0,0,1,0
24Oct2007McCain88.txt,0,0,1,0
24Oct2007McCain89.txt,0,0,1,0
24Oct2007McCain90.txt,0,0,1,0
24Sep2006McCain86.txt,0,1,0,0
24Sep2007McCain77.txt,0,0,1,0
24Sep2007McCain78.txt,0,0,1,0
25Apr2005McCain34.txt,1,0,0,0
25Apr2005McCain35.txt,1,0,0,0
25Apr2005McCain36.txt,1,0,0,0
25Apr2007McCain40.txt,0,0,1,0
25Aug2006McCain75.txt,0,1,0,0
25Jan2005McCain5.txt,1,0,0,0
25Jan2005McCain6.txt,1,0,0,0
25Jan2006McCain7.txt,0,1,0,0
25Jan2006McCain8.txt,0,1,0,0
25Jul2005McCain59.txt,1,0,0,0
25Jul2007McCain63.txt,0,0,1,0
25May2006McCain41.txt,0,1,0,0
25May2006McCain42.txt,0,1,0,0
25May2007McCain47.txt,0,0,1,0
25May2007McCain48.txt,0,0,1,0
25Oct2005McCain75.txt,1,0,0,0
25Oct2007McCain91.txt,0,0,1,0
26Apr2005McCain37.txt,1,0,0,0
26Apr2007McCain41.txt,0,0,1,0
26Jan2006McCain9.txt,0,1,0,0
26Jul2005McCain60.txt,1,0,0,0
26Jul2006McCain69.txt,0,1,0,0
26Jun2007McCain51.txt,0,0,1,0
26Mar2007McCain33.txt,0,0,1,0
26Mar2007McCain34.txt,0,0,1,0
26May2005McCain48.txt,1,0,0,0
26May2005McCain49.txt,1,0,0,0
26May2006McCain43.txt,0,1,0,0
26Nov2007McCain100.txt,0,0,1,0
26Sep2006McCain87.txt,0,1,0,0
27Aug2007McCain66.txt,0,0,1,0
27Jul2005McCain61.txt,1,0,0,0
27Jul2006McCain70.txt,0,1,0,0
27Mar2006McCain27.txt,0,1,0,0
27Mar2007McCain35.txt,0,0,1,0
28Feb2006McCain19.txt,0,1,0,0
28Feb2006McCain20.txt,0,1,0,0
28Jul2005McCain62.txt,1,0,0,0
28Jul2005McCain63.txt,1,0,0,0
28Jun2005McCain53.txt,1,0,0,0
28Jun2006McCain58.txt,0,1,0,0
28Jun2006McCain59.txt,0,1,0,0
28Jun2006McCain60.txt,0,1,0,0
28Jun2006McCain61.txt,0,1,0,0
28Jun2007McCain52.txt,0,0,1,0
28Sep2006McCain88.txt,0,1,0,0
28Sep2007McCain79.txt,0,0,1,0
28Sep2007McCain80.txt,0,0,1,0
29Jun2006McCain62.txt,0,1,0,0
29Jun2007McCain53.txt,0,0,1,0
29Mar2005McCain28.txt,1,0,0,0
29Mar2007McCain36.txt,0,0,1,0
29Nov2006McCain96.txt,0,1,0,0
29Sep2006McCain89.txt,0,1,0,0
30Jan2007McCain18.txt,0,0,1,0
30Jan2007McCain19.txt,0,0,1,0
30Mar2006McCain28.txt,0,1,0,0
30Mar2006McCain29.txt,0,1,0,0
30Mar2006McCain30.txt,0,1,0,0
31Jan2006McCain10.txt,0,1,0,0
31Jan2007McCain20.txt,0,0,1,0
31Jan2007McCain21.txt,0,0,1,0
31Oct2005McCain76.txt,1,0,0,0
31Oct2005McCain77.txt,1,0,0,0
31Oct2005McCain78.txt,1,0,0,0
31Oct2007McCain92.txt,0,0,1,0
31Oct2007McCain93.txt,0,0,1,0
01Apr2005Graham46.txt,1,0,0,0
01Aug2005Graham143.txt,1,0,0,0
01Aug2006Graham122.txt,0,1,0,0
01Aug2007Graham113.txt,0,0,1,0
01Aug2007Graham114.txt,0,0,1,0
01Dec2006Graham183.txt,0,1,0,0
01Feb2005Graham16.txt,1,0,0,0
01Feb2006Graham17.txt,0,1,0,0
01Feb2007Graham13.txt,0,0,1,0
01Feb2007Graham14.txt,0,0,1,0
01Jul2005Graham116.txt,1,0,0,0
01Jun2006Graham91.txt,0,1,0,0
01Jun2006Graham92.txt,0,1,0,0
01Jun2006Graham93.txt,0,1,0,0
01Jun2007Graham77.txt,0,0,1,0
01May2006Graham62.txt,0,1,0,0
01May2006Graham63.txt,0,1,0,0
01May2007Graham55.txt,0,0,1,0
01Nov2007Graham144.txt,0,0,1,0
01Sep2005Graham175.txt,1,0,0,0
02Apr2005Graham47.txt,1,0,0,0
02Aug2005Graham144.txt,1,0,0,0
02Aug2005Graham145.txt,1,0,0,0
02Aug2005Graham146.txt,1,0,0,0
02Aug2006Graham123.txt,0,1,0,0
02Aug2007Graham115.txt,0,0,1,0
02Aug2007Graham116.txt,0,0,1,0
02Aug2007Graham117.txt,0,0,1,0
02Feb2005Graham17.txt,1,0,0,0
02Feb2005Graham18.txt,1,0,0,0
02Feb2006Graham18.txt,0,1,0,0
02Jun2005Graham86.txt,1,0,0,0
02Mar2005Graham28.txt,1,0,0,0
02Mar2005Graham29.txt,1,0,0,0
02Mar2005Graham30.txt,1,0,0,0
02Mar2006Graham27.txt,0,1,0,0
02Mar2006Graham28.txt,0,1,0,0
02Mar2007Graham27.txt,0,0,1,0
02May2005Graham67.txt,1,0,0,0
02May2005Graham68.txt,1,0,0,0
02May2007Graham56.txt,0,0,1,0
02May2007Graham57.txt,0,0,1,0
02May2007Graham58.txt,0,0,1,0
02May2007Graham59.txt,0,0,1,0
02May2007Graham60.txt,0,0,1,0
02Oct2006Graham164.txt,0,1,0,0
02Oct2006Graham165.txt,0,1,0,0
02Oct2007Graham134.txt,0,0,1,0
03Apr2007Graham44.txt,0,0,1,0
03Aug2005Graham147.txt,1,0,0,0
03Aug2006Graham124.txt,0,1,0,0
03Feb2005Graham19.txt,1,0,0,0
03Jul2007Graham103.txt,0,0,1,0
03Mar2005Graham31.txt,1,0,0,0
03May2005Graham69.txt,1,0,0,0
03Nov2005Graham236.txt,1,0,0,0
03Nov2005Graham237.txt,1,0,0,0
03Oct2005Graham208.txt,1,0,0,0
03Oct2005Graham209.txt,1,0,0,0
03Oct2005Graham210.txt,1,0,0,0
03Oct2005Graham211.txt,1,0,0,0
03Oct2005Graham212.txt,1,0,0,0
03Oct2005Graham213.txt,1,0,0,0
03Oct2005Graham214.txt,1,0,0,0
03Oct2007Graham135.txt,0,0,1,0
03Oct2007Graham136.txt,0,0,1,0
03Oct2007Graham137.txt,0,0,1,0
04Apr2005Graham48.txt,1,0,0,0
04Apr2006Graham48.txt,0,1,0,0
04Aug2006Graham125.txt,0,1,0,0
04Dec2006Graham184.txt,0,1,0,0
04Dec2007Graham152.txt,0,0,1,0
04Jan2005Graham1.txt,1,0,0,0
04Jan2005Graham2.txt,1,0,0,0
04Jan2006Graham1.txt,0,1,0,0
04Jan2006Graham2.txt,0,1,0,0
04Jan2006Graham3.txt,0,1,0,0
04Jan2006Graham4.txt,0,1,0,0
04Jan2006Graham5.txt,0,1,0,0
04Mar2005Graham32.txt,1,0,0,0
04Mar2005Graham33.txt,1,0,0,0
04May2005Graham70.txt,1,0,0,0
04May2005Graham71.txt,1,0,0,0
04May2006Graham64.txt,0,1,0,0
04May2006Graham65.txt,0,1,0,0
04May2006Graham66.txt,0,1,0,0
04Oct2006Graham166.txt,0,1,0,0
04Oct2006Graham167.txt,0,1,0,0
04Sep2005Graham176.txt,1,0,0,0
05Apr2006Graham49.txt,0,1,0,0
05Apr2006Graham50.txt,0,1,0,0
05Dec2006Graham185.txt,0,1,0,0
05Dec2007Graham153.txt,0,0,1,0
05Jan2005Graham3.txt,1,0,0,0
05Jan2007Graham1.txt,0,0,1,0
05Jul2005Graham117.txt,1,0,0,0
05Jul2005Graham118.txt,1,0,0,0
05Jul2005Graham119.txt,1,0,0,0
05Jul2005Graham120.txt,1,0,0,0
05Jun2006Graham94.txt,0,1,0,0
05May2006Graham67.txt,0,1,0,0
05Oct2005Graham215.txt,1,0,0,0
05Oct2005Graham216.txt,1,0,0,0
05Oct2007Graham138.txt,0,0,1,0
05Sep2006Graham135.txt,0,1,0,0
05Sep2006Graham136.txt,0,1,0,0
06Apr2006Graham51.txt,0,1,0,0
06Dec2006Graham186.txt,0,1,0,0
06Dec2006Graham187.txt,0,1,0,0
06Jan2005Graham4.txt,1,0,0,0
06Jan2005Graham5.txt,1,0,0,0
06Jul2005Graham121.txt,1,0,0,0
06Jul2005Graham122.txt,1,0,0,0
06Jul2005Graham123.txt,1,0,0,0
06Jul2005Graham124.txt,1,0,0,0
06Jun2007Graham78.txt,0,0,1,0
06Jun2007Graham79.txt,0,0,1,0
06Mar2007Graham28.txt,0,0,1,0
06Mar2007Graham29.txt,0,0,1,0
06May2005Graham72.txt,1,0,0,0
06Nov2007Graham145.txt,0,0,1,0
06Oct2005Graham217.txt,1,0,0,0
06Sep2006Graham137.txt,0,1,0,0
06Sep2006Graham138.txt,0,1,0,0
06Sep2007Graham120.txt,0,0,1,0
07Apr2005Graham49.txt,1,0,0,0
07Apr2005Graham50.txt,1,0,0,0
07Apr2005Graham51.txt,1,0,0,0
07Apr2006Graham52.txt,0,1,0,0
07Apr2006Graham53.txt,0,1,0,0
07Apr2006Graham54.txt,0,1,0,0
07Aug2006Graham126.txt,0,1,0,0
07Dec2005Graham251.txt,1,0,0,0
07Dec2006Graham188.txt,0,1,0,0
07Feb2006Graham19.txt,0,1,0,0
07Feb2006Graham20.txt,0,1,0,0
07Feb2007Graham15.txt,0,0,1,0
07Jul2005Graham125.txt,1,0,0,0
07Jun2005Graham87.txt,1,0,0,0
07Jun2005Graham88.txt,1,0,0,0
07Jun2007Graham80.txt,0,0,1,0
07Jun2007Graham81.txt,0,0,1,0
07Mar2006Graham29.txt,0,1,0,0
07Mar2007Graham30.txt,0,0,1,0
07Sep2005Graham177.txt,1,0,0,0
07Sep2006Graham139.txt,0,1,0,0
07Sep2006Graham140.txt,0,1,0,0
08Apr2005Graham52.txt,1,0,0,0
08Aug2005Graham148.txt,1,0,0,0
08Aug2005Graham149.txt,1,0,0,0
08Aug2005Graham150.txt,1,0,0,0
08Jan2007Graham2.txt,0,0,1,0
08Jun2005Graham89.txt,1,0,0,0
08Jun2005Graham90.txt,1,0,0,0
08Jun2005Graham91.txt,1,0,0,0
08Jun2006Graham95.txt,0,1,0,0
08Jun2006Graham96.txt,0,1,0,0
08Jun2007Graham82.txt,0,0,1,0
08Mar2006Graham30.txt,0,1,0,0
08May2006Graham68.txt,0,1,0,0
08Sep2006Graham141.txt,0,1,0,0
09Aug2005Graham151.txt,1,0,0,0
09Aug2005Graham152.txt,1,0,0,0
09Aug2005Graham153.txt,1,0,0,0
09Aug2005Graham154.txt,1,0,0,0
09Aug2005Graham155.txt,1,0,0,0
09Aug2005Graham156.txt,1,0,0,0
09Feb2005Graham20.txt,1,0,0,0
09Feb2005Graham21.txt,1,0,0,0
09Feb2006Graham21.txt,0,1,0,0
09Feb2006Graham22.txt,0,1,0,0
09Jan2006Graham6.txt,0,1,0,0
09Jan2007Graham3.txt,0,0,1,0
09Jun2005Graham92.txt,1,0,0,0
09Jun2005Graham93.txt,1,0,0,0
09Jun2005Graham94.txt,1,0,0,0
09Jun2006Graham97.txt,0,1,0,0
09Mar2006Graham31.txt,0,1,0,0
09Mar2006Graham32.txt,0,1,0,0
09Mar2006Graham33.txt,0,1,0,0
09May2006Graham69.txt,0,1,0,0
09May2007Graham61.txt,0,0,1,0
09Nov2005Graham238.txt,1,0,0,0
09Oct2006Graham168.txt,0,1,0,0
10Aug2005Graham157.txt,1,0,0,0
10Aug2006Graham127.txt,0,1,0,0
10Aug2006Graham128.txt,0,1,0,0
10Aug2007Graham118.txt,0,0,1,0
10Feb2005Graham22.txt,1,0,0,0
10Jan2005Graham6.txt,1,0,0,0
10Jan2006Graham7.txt,0,1,0,0
10Jan2007Graham4.txt,0,0,1,0
10Mar2005Graham34.txt,1,0,0,0
10Mar2005Graham35.txt,1,0,0,0
10Mar2006Graham34.txt,0,1,0,0
10Nov2005Graham239.txt,1,0,0,0
10Nov2005Graham240.txt,1,0,0,0
10Sep2007Graham121.txt,0,0,1,0
10Sep2007Graham122.txt,0,0,1,0
10Sep2007Graham123.txt,0,0,1,0
11Apr2005Graham53.txt,1,0,0,0
11Aug2005Graham158.txt,1,0,0,0
11Dec2006Graham189.txt,0,1,0,0
11Jan2006Graham8.txt,0,1,0,0
11Jul2007Graham104.txt,0,0,1,0
11Jul2007Graham105.txt,0,0,1,0
11Jul2007Graham106.txt,0,0,1,0
11Jun2007Graham83.txt,0,0,1,0
11Jun2007Graham84.txt,0,0,1,0
11Jun2007Graham85.txt,0,0,1,0
11Jun2007Graham86.txt,0,0,1,0
11Jun2007Graham87.txt,0,0,1,0
11May2005Graham73.txt,1,0,0,0
11May2006Graham70.txt,0,1,0,0
11May2006Graham71.txt,0,1,0,0
11May2006Graham72.txt,0,1,0,0
11May2006Graham73.txt,0,1,0,0
11Oct2005Graham218.txt,1,0,0,0
11Oct2007Graham139.txt,0,0,1,0
11Sep2006Graham142.txt,0,1,0,0
11Sep2007Graham124.txt,0,0,1,0
11Sep2007Graham125.txt,0,0,1,0
12Apr2006Graham55.txt,0,1,0,0
12Apr2007Graham45.txt,0,0,1,0
12Jan2005Graham7.txt,1,0,0,0
12Jul2006Graham105.txt,0,1,0,0
12May2006Graham74.txt,0,1,0,0
12May2006Graham75.txt,0,1,0,0
12Nov2006Graham176.txt,0,1,0,0
12Oct2006Graham169.txt,0,1,0,0
12Sep2005Graham178.txt,1,0,0,0
12Sep2005Graham179.txt,1,0,0,0
12Sep2006Graham143.txt,0,1,0,0
12Sep2006Graham144.txt,0,1,0,0
13Apr2005Graham54.txt,1,0,0,0
13Apr2007Graham46.txt,0,0,1,0
13Dec2005Graham252.txt,1,0,0,0
13Dec2007Graham154.txt,0,0,1,0
13Feb2007Graham16.txt,0,0,1,0
13Feb2007Graham17.txt,0,0,1,0
13Jan2005Graham8.txt,1,0,0,0
13Jun2005Graham95.txt,1,0,0,0
13Jun2007Graham88.txt,0,0,1,0
13Mar2006Graham35.txt,0,1,0,0
13May2005Graham74.txt,1,0,0,0
13May2005Graham75.txt,1,0,0,0
13Nov2006Graham177.txt,0,1,0,0
13Nov2007Graham146.txt,0,0,1,0
13Nov2007Graham147.txt,0,0,1,0
13Oct2006Graham170.txt,0,1,0,0
13Sep2005Graham180.txt,1,0,0,0
13Sep2005Graham181.txt,1,0,0,0
13Sep2005Graham182.txt,1,0,0,0
14Dec2005Graham253.txt,1,0,0,0
14Dec2006Graham190.txt,0,1,0,0
14Dec2007Graham155.txt,0,0,1,0
14Feb2005Graham23.txt,1,0,0,0
14Feb2006Graham23.txt,0,1,0,0
14Feb2007Graham18.txt,0,0,1,0
14Jan2007Graham5.txt,0,0,1,0
14Jul2006Graham106.txt,0,1,0,0
14Jun2005Graham96.txt,1,0,0,0
14Jun2005Graham97.txt,1,0,0,0
14Jun2006Graham98.txt,0,1,0,0
14Jun2007Graham89.txt,0,0,1,0
14Mar2005Graham36.txt,1,0,0,0
14Mar2006Graham36.txt,0,1,0,0
14Mar2007Graham31.txt,0,0,1,0
14Nov2005Graham241.txt,1,0,0,0
14Nov2006Graham178.txt,0,1,0,0
14Sep2005Graham183.txt,1,0,0,0
14Sep2005Graham184.txt,1,0,0,0
14Sep2005Graham185.txt,1,0,0,0
14Sep2006Graham145.txt,0,1,0,0
15Aug2005Graham159.txt,1,0,0,0
15Aug2005Graham160.txt,1,0,0,0
15Aug2005Graham161.txt,1,0,0,0
15Dec2005Graham254.txt,1,0,0,0
15Feb2006Graham24.txt,0,1,0,0
15Feb2007Graham19.txt,0,0,1,0
15Jun2005Graham98.txt,1,0,0,0
15Jun2006Graham99.txt,0,1,0,0
15Jun2007Graham90.txt,0,0,1,0
15Mar2005Graham37.txt,1,0,0,0
15Mar2006Graham37.txt,0,1,0,0
15Mar2007Graham32.txt,0,0,1,0
15Mar2007Graham33.txt,0,0,1,0
15Mar2007Graham34.txt,0,0,1,0
15May2006Graham76.txt,0,1,0,0
15May2006Graham77.txt,0,1,0,0
15May2006Graham78.txt,0,1,0,0
15May2006Graham79.txt,0,1,0,0
15May2007Graham62.txt,0,0,1,0
15Nov2005Graham242.txt,1,0,0,0
15Nov2005Graham243.txt,1,0,0,0
15Nov2006Graham179.txt,0,1,0,0
15Nov2007Graham148.txt,0,0,1,0
15Oct2005Graham219.txt,1,0,0,0
15Sep2005Graham186.txt,1,0,0,0
15Sep2005Graham187.txt,1,0,0,0
15Sep2006Graham146.txt,0,1,0,0
15Sep2006Graham147.txt,0,1,0,0
15Sep2006Graham148.txt,0,1,0,0
16Dec2005Graham255.txt,1,0,0,0
16Dec2006Graham191.txt,0,1,0,0
16Feb2005Graham24.txt,1,0,0,0
16Feb2006Graham25.txt,0,1,0,0
16Feb2007Graham20.txt,0,0,1,0
16Feb2007Graham21.txt,0,0,1,0
16Jan2007Graham6.txt,0,0,1,0
16Jul2007Graham107.txt,0,0,1,0
16Jun2005Graham99.txt,1,0,0,0
16Mar2005Graham38.txt,1,0,0,0
16Mar2005Graham39.txt,1,0,0,0
16Mar2006Graham38.txt,0,1,0,0
16Mar2006Graham39.txt,0,1,0,0
16Mar2007Graham35.txt,0,0,1,0
16May2007Graham63.txt,0,0,1,0
16Nov2005Graham244.txt,1,0,0,0
16Nov2007Graham149.txt,0,0,1,0
17Aug2005Graham162.txt,1,0,0,0
17Aug2005Graham163.txt,1,0,0,0
17Feb2006Graham26.txt,0,1,0,0
17Feb2007Graham22.txt,0,0,1,0
17Jan2007Graham7.txt,0,0,1,0
17Jul2006Graham107.txt,0,1,0,0
17Jun2005Graham100.txt,1,0,0,0
17May2005Graham76.txt,1,0,0,0
17May2005Graham77.txt,1,0,0,0
17May2006Graham80.txt,0,1,0,0
17May2007Graham64.txt,0,0,1,0
17Nov2005Graham245.txt,1,0,0,0
17Oct2005Graham220.txt,1,0,0,0
17Oct2005Graham221.txt,1,0,0,0
17Oct2005Graham222.txt,1,0,0,0
17Oct2006Graham171.txt,0,1,0,0
18Apr2005Graham55.txt,1,0,0,0
18Apr2007Graham47.txt,0,0,1,0
18Aug2005Graham164.txt,1,0,0,0
18Aug2005Graham165.txt,1,0,0,0
18Dec2007Graham156.txt,0,0,1,0
18Dec2007Graham157.txt,0,0,1,0
18Jul2006Graham108.txt,0,1,0,0
18Jul2006Graham109.txt,0,1,0,0
18Jul2006Graham110.txt,0,1,0,0
18Jul2007Graham108.txt,0,0,1,0
18May2005Graham78.txt,1,0,0,0
18May2005Graham79.txt,1,0,0,0
18May2006Graham81.txt,0,1,0,0
18Nov2005Graham246.txt,1,0,0,0
18Oct2005Graham223.txt,1,0,0,0
18Oct2005Graham224.txt,1,0,0,0
18Sep2006Graham149.txt,0,1,0,0
18Sep2007Graham126.txt,0,0,1,0
19Aug2005Graham166.txt,1,0,0,0
19Dec2005Graham256.txt,1,0,0,0
19Dec2006Graham192.txt,0,1,0,0
19Dec2007Graham158.txt,0,0,1,0
19Dec2007Graham159.txt,0,0,1,0
19Jan2005Graham9.txt,1,0,0,0
19Jan2006Graham9.txt,0,1,0,0
19Jul2005Graham126.txt,1,0,0,0
19Jul2005Graham127.txt,1,0,0,0
19Jul2006Graham111.txt,0,1,0,0
19Jun2007Graham91.txt,0,0,1,0
19May2005Graham80.txt,1,0,0,0
19May2006Graham82.txt,0,1,0,0
19Oct2005Graham225.txt,1,0,0,0
19Oct2006Graham172.txt,0,1,0,0
19Sep2006Graham150.txt,0,1,0,0
19Sep2006Graham151.txt,0,1,0,0
19Sep2006Graham152.txt,0,1,0,0
19Sep2007Graham127.txt,0,0,1,0
19Sep2007Graham128.txt,0,0,1,0
20Apr2005Graham56.txt,1,0,0,0
20Apr2005Graham57.txt,1,0,0,0
20Apr2007Graham48.txt,0,0,1,0
20Dec2006Graham193.txt,0,1,0,0
20Feb2007Graham23.txt,0,0,1,0
20Jan2005Graham10.txt,1,0,0,0
20Jan2005Graham11.txt,1,0,0,0
20Jul2006Graham112.txt,0,1,0,0
20Jun2005Graham101.txt,1,0,0,0
20Jun2007Graham92.txt,0,0,1,0
20Mar2006Graham40.txt,0,1,0,0
20May2005Graham81.txt,1,0,0,0
20May2005Graham82.txt,1,0,0,0
20Nov2006Graham180.txt,0,1,0,0
20Oct2005Graham226.txt,1,0,0,0
20Oct2005Graham227.txt,1,0,0,0
20Oct2005Graham228.txt,1,0,0,0
20Oct2006Graham173.txt,0,1,0,0
20Sep2005Graham188.txt,1,0,0,0
20Sep2005Graham189.txt,1,0,0,0
20Sep2005Graham190.txt,1,0,0,0
20Sep2005Graham191.txt,1,0,0,0
20Sep2006Graham153.txt,0,1,0,0
20Sep2006Graham154.txt,0,1,0,0
20Sep2006Graham155.txt,0,1,0,0
20Sep2006Graham156.txt,0,1,0,0
21Apr2005Graham58.txt,1,0,0,0
21Apr2005Graham59.txt,1,0,0,0
21Jul2005Graham128.txt,1,0,0,0
21Jul2005Graham129.txt,1,0,0,0
21Jul2006Graham113.txt,0,1,0,0
21Jul2006Graham114.txt,0,1,0,0
21Mar2005Graham40.txt,1,0,0,0
21Mar2007Graham36.txt,0,0,1,0
21May2007Graham65.txt,0,0,1,0
21May2007Graham66.txt,0,0,1,0
21May2007Graham67.txt,0,0,1,0
21May2007Graham68.txt,0,0,1,0
21Sep2005Graham192.txt,1,0,0,0
21Sep2006Graham157.txt,0,1,0,0
21Sep2007Graham129.txt,0,0,1,0
22Dec2005Graham257.txt,1,0,0,0
22Dec2005Graham258.txt,1,0,0,0
22Feb2005Graham25.txt,1,0,0,0
22Feb2005Graham26.txt,1,0,0,0
22Feb2007Graham24.txt,0,0,1,0
22Feb2007Graham25.txt,0,0,1,0
22Jan2007Graham8.txt,0,0,1,0
22Jan2007Graham9.txt,0,0,1,0
22Jun2005Graham102.txt,1,0,0,0
22Jun2006Graham100.txt,0,1,0,0
22Jun2007Graham93.txt,0,0,1,0
22Mar2005Graham41.txt,1,0,0,0
22Mar2007Graham37.txt,0,0,1,0
22May2007Graham69.txt,0,0,1,0
22May2007Graham70.txt,0,0,1,0
22Nov2005Graham247.txt,1,0,0,0
22Sep2005Graham193.txt,1,0,0,0
22Sep2005Graham194.txt,1,0,0,0
22Sep2005Graham195.txt,1,0,0,0
22Sep2005Graham196.txt,1,0,0,0
23Aug2005Graham167.txt,1,0,0,0
23Aug2005Graham168.txt,1,0,0,0
23Feb2005Graham27.txt,1,0,0,0
23Jan2007Graham10.txt,0,0,1,0
23Jul2007Graham109.txt,0,0,1,0
23Jul2007Graham110.txt,0,0,1,0
23Jun2005Graham103.txt,1,0,0,0
23Jun2005Graham104.txt,1,0,0,0
23Mar2007Graham38.txt,0,0,1,0
23May2005Graham83.txt,1,0,0,0
23May2007Graham71.txt,0,0,1,0
23Sep2005Graham197.txt,1,0,0,0
24Aug2005Graham169.txt,1,0,0,0
24Aug2007Graham119.txt,0,0,1,0
24Jan2006Graham10.txt,0,1,0,0
24Jan2007Graham11.txt,0,0,1,0
24Jun2005Graham105.txt,1,0,0,0
24Jun2005Graham106.txt,1,0,0,0
24Jun2005Graham107.txt,1,0,0,0
24Mar2005Graham42.txt,1,0,0,0
24Mar2006Graham41.txt,0,1,0,0
24Mar2006Graham42.txt,0,1,0,0
24May2006Graham83.txt,0,1,0,0
24May2007Graham72.txt,0,0,1,0
24Oct2005Graham229.txt,1,0,0,0
24Oct2006Graham174.txt,0,1,0,0
24Oct2007Graham140.txt,0,0,1,0
24Oct2007Graham141.txt,0,0,1,0
24Sep2007Graham130.txt,0,0,1,0
25Apr2005Graham60.txt,1,0,0,0
25Apr2006Graham56.txt,0,1,0,0
25Apr2006Graham57.txt,0,1,0,0
25Apr2007Graham49.txt,0,0,1,0
25Apr2007Graham50.txt,0,0,1,0
25Apr2007Graham51.txt,0,0,1,0
25Apr2007Graham52.txt,0,0,1,0
25Apr2007Graham53.txt,0,0,1,0
25Aug2005Graham170.txt,1,0,0,0
25Jan2006Graham11.txt,0,1,0,0
25Jan2007Graham12.txt,0,0,1,0
25Jul2005Graham130.txt,1,0,0,0
25Jul2005Graham131.txt,1,0,0,0
25Jul2006Graham115.txt,0,1,0,0
25Jul2006Graham116.txt,0,1,0,0
25Jul2006Graham117.txt,0,1,0,0
25Jul2007Graham111.txt,0,0,1,0
25Jun2007Graham94.txt,0,0,1,0
25Mar2005Graham43.txt,1,0,0,0
25Mar2005Graham44.txt,1,0,0,0
25May2005Graham84.txt,1,0,0,0
25May2005Graham85.txt,1,0,0,0
25May2006Graham84.txt,0,1,0,0
25May2007Graham73.txt,0,0,1,0
25May2007Graham74.txt,0,0,1,0
25Oct2005Graham230.txt,1,0,0,0
25Oct2005Graham231.txt,1,0,0,0
25Oct2007Graham142.txt,0,0,1,0
25Sep2007Graham131.txt,0,0,1,0
26Apr2005Graham61.txt,1,0,0,0
26Apr2006Graham58.txt,0,1,0,0
26Apr2006Graham59.txt,0,1,0,0
26Apr2007Graham54.txt,0,0,1,0
26Jan2005Graham12.txt,1,0,0,0
26Jan2006Graham12.txt,0,1,0,0
26Jul2005Graham132.txt,1,0,0,0
26Jul2006Graham118.txt,0,1,0,0
26Jul2006Graham119.txt,0,1,0,0
26Jul2007Graham112.txt,0,0,1,0
26Jun2006Graham101.txt,0,1,0,0
26Jun2007Graham100.txt,0,0,1,0
26Jun2007Graham95.txt,0,0,1,0
26Jun2007Graham96.txt,0,0,1,0
26Jun2007Graham97.txt,0,0,1,0
26Jun2007Graham98.txt,0,0,1,0
26Jun2007Graham99.txt,0,0,1,0
26Mar2007Graham39.txt,0,0,1,0
26Mar2007Graham40.txt,0,0,1,0
26May2006Graham85.txt,0,1,0,0
26May2006Graham86.txt,0,1,0,0
26May2006Graham87.txt,0,1,0,0
26Oct2005Graham232.txt,1,0,0,0
26Oct2007Graham143.txt,0,0,1,0
26Sep2005Graham198.txt,1,0,0,0
26Sep2007Graham132.txt,0,0,1,0
27Apr2005Graham62.txt,1,0,0,0
27Apr2005Graham63.txt,1,0,0,0
27Dec2006Graham194.txt,0,1,0,0
27Feb2007Graham26.txt,0,0,1,0
27Jan2006Graham13.txt,0,1,0,0
27Jan2006Graham14.txt,0,1,0,0
27Jul2005Graham133.txt,1,0,0,0
27Jun2005Graham108.txt,1,0,0,0
27Jun2006Graham102.txt,0,1,0,0
27Jun2006Graham103.txt,0,1,0,0
27Jun2007Graham101.txt,0,0,1,0
27Mar2006Graham43.txt,0,1,0,0
27Mar2007Graham41.txt,0,0,1,0
27Oct2005Graham233.txt,1,0,0,0
27Sep2005Graham199.txt,1,0,0,0
27Sep2005Graham200.txt,1,0,0,0
27Sep2007Graham133.txt,0,0,1,0
28Apr2005Graham64.txt,1,0,0,0
28Apr2005Graham65.txt,1,0,0,0
28Apr2006Graham60.txt,0,1,0,0
28Apr2006Graham61.txt,0,1,0,0
28Aug2006Graham129.txt,0,1,0,0
28Aug2006Graham130.txt,0,1,0,0
28Dec2006Graham195.txt,0,1,0,0
28Jan2005Graham13.txt,1,0,0,0
28Jul2005Graham134.txt,1,0,0,0
28Jul2005Graham135.txt,1,0,0,0
28Jul2005Graham136.txt,1,0,0,0
28Jul2005Graham137.txt,1,0,0,0
28Jul2005Graham138.txt,1,0,0,0
28Jul2005Graham139.txt,1,0,0,0
28Jul2006Graham120.txt,0,1,0,0
28Jun2005Graham109.txt,1,0,0,0
28Jun2005Graham110.txt,1,0,0,0
28Jun2005Graham111.txt,1,0,0,0
28Jun2007Graham102.txt,0,0,1,0
28Mar2006Graham44.txt,0,1,0,0
28Mar2006Graham45.txt,0,1,0,0
28Nov2005Graham248.txt,1,0,0,0
28Nov2006Graham181.txt,0,1,0,0
28Oct2005Graham234.txt,1,0,0,0
28Sep2005Graham201.txt,1,0,0,0
28Sep2005Graham202.txt,1,0,0,0
28Sep2005Graham203.txt,1,0,0,0
28Sep2006Graham158.txt,0,1,0,0
28Sep2006Graham159.txt,0,1,0,0
28Sep2006Graham160.txt,0,1,0,0
29Apr2005Graham66.txt,1,0,0,0
29Aug2005Graham171.txt,1,0,0,0
29Dec2006Graham196.txt,0,1,0,0
29Jul2005Graham140.txt,1,0,0,0
29Jul2005Graham141.txt,1,0,0,0
29Jul2005Graham142.txt,1,0,0,0
29Jun2005Graham112.txt,1,0,0,0
29Jun2005Graham113.txt,1,0,0,0
29Jun2006Graham104.txt,0,1,0,0
29Mar2007Graham42.txt,0,0,1,0
29May2007Graham75.txt,0,0,1,0
29May2007Graham76.txt,0,0,1,0
29Nov2006Graham182.txt,0,1,0,0
29Nov2007Graham150.txt,0,0,1,0
29Nov2007Graham151.txt,0,0,1,0
29Sep2005Graham204.txt,1,0,0,0
29Sep2005Graham205.txt,1,0,0,0
29Sep2005Graham206.txt,1,0,0,0
29Sep2005Graham207.txt,1,0,0,0
29Sep2006Graham161.txt,0,1,0,0
29Sep2006Graham162.txt,0,1,0,0
30Aug2005Graham172.txt,1,0,0,0
30Aug2006Graham131.txt,0,1,0,0
30Aug2006Graham132.txt,0,1,0,0
30Dec2006Graham197.txt,0,1,0,0
30Jun2005Graham114.txt,1,0,0,0
30Jun2005Graham115.txt,1,0,0,0
30Mar2005Graham45.txt,1,0,0,0
30Mar2007Graham43.txt,0,0,1,0
30May2006Graham88.txt,0,1,0,0
30Nov2005Graham249.txt,1,0,0,0
30Nov2005Graham250.txt,1,0,0,0
30Sep2006Graham163.txt,0,1,0,0
31Aug2005Graham173.txt,1,0,0,0
31Aug2005Graham174.txt,1,0,0,0
31Aug2006Graham133.txt,0,1,0,0
31Aug2006Graham134.txt,0,1,0,0
31Jan2005Graham14.txt,1,0,0,0
31Jan2005Graham15.txt,1,0,0,0
31Jan2006Graham15.txt,0,1,0,0
31Jan2006Graham16.txt,0,1,0,0
31Jul2006Graham121.txt,0,1,0,0
31Mar2006Graham46.txt,0,1,0,0
31Mar2006Graham47.txt,0,1,0,0
31May2006Graham89.txt,0,1,0,0
31May2006Graham90.txt,0,1,0,0
31Oct2005Graham235.txt,1,0,0,0
31Oct2006Graham175.txt,0,1,0,0
10Apr2007Coburn26.txt,0,0,1,0
10Jan2006Coburn1.txt,0,1,0,0
10Mar2006Coburn16.txt,0,1,0,0
10May2007Coburn36.txt,0,0,1,0
10Nov2005Coburn71.txt,1,0,0,0
10Nov2005Coburn72.txt,1,0,0,0
11Apr2007Coburn27.txt,0,0,1,0
11Dec2007Coburn78.txt,0,0,1,0
11Jan2007Coburn2.txt,0,0,1,0
11May2005Coburn13.txt,1,0,0,0
11Sep2007Coburn56.txt,0,0,1,0
12Apr2005Coburn8.txt,1,0,0,0
12Jul2006Coburn46.txt,0,1,0,0
12Jun2007Coburn43.txt,0,0,1,0
12May2005Coburn14.txt,1,0,0,0
12Oct2006Coburn68.txt,0,1,0,0
12Sep2005Coburn49.txt,1,0,0,0
12Sep2006Coburn58.txt,0,1,0,0
12Sep2007Coburn57.txt,0,0,1,0
13Jul2005Coburn30.txt,1,0,0,0
13Jul2006Coburn47.txt,0,1,0,0
13Jun2006Coburn41.txt,0,1,0,0
13May2005Coburn15.txt,1,0,0,0
14Apr2005Coburn9.txt,1,0,0,0
14Dec2005Coburn77.txt,1,0,0,0
14Feb2007Coburn13.txt,0,0,1,0
14Jul2005Coburn31.txt,1,0,0,0
14Jul2005Coburn32.txt,1,0,0,0
14Jun2005Coburn18.txt,1,0,0,0
14Sep2005Coburn50.txt,1,0,0,0
14Sep2006Coburn59.txt,0,1,0,0
15Feb2007Coburn14.txt,0,0,1,0
15Feb2007Coburn15.txt,0,0,1,0
15Feb2007Coburn16.txt,0,0,1,0
15Jul2005Coburn33.txt,1,0,0,0
15Jul2005Coburn34.txt,1,0,0,0
15Jun2006Coburn42.txt,0,1,0,0
15Mar2005Coburn5.txt,1,0,0,0
15May2007Coburn37.txt,0,0,1,0
15Nov2005Coburn73.txt,1,0,0,0
15Nov2005Coburn74.txt,1,0,0,0
15Nov2007Coburn74.txt,0,0,1,0
15Nov2007Coburn75.txt,0,0,1,0
15Nov2007Coburn76.txt,0,0,1,0
15Sep2006Coburn60.txt,0,1,0,0
16Apr2007Coburn28.txt,0,0,1,0
16Feb2007Coburn17.txt,0,0,1,0
16Jan2007Coburn3.txt,0,0,1,0
16Jun2005Coburn19.txt,1,0,0,0
16May2006Coburn30.txt,0,1,0,0
16Sep2005Coburn51.txt,1,0,0,0
17Dec2005Coburn78.txt,1,0,0,0
17Jan2006Coburn2.txt,0,1,0,0
17Jan2006Coburn3.txt,0,1,0,0
17Jan2007Coburn4.txt,0,0,1,0
17Jul2007Coburn46.txt,0,0,1,0
17Mar2005Coburn6.txt,1,0,0,0
17May2006Coburn31.txt,0,1,0,0
17Nov2005Coburn75.txt,1,0,0,0
17Sep2007Coburn58.txt,0,0,1,0
18Apr2005Coburn10.txt,1,0,0,0
18Apr2006Coburn24.txt,0,1,0,0
18Apr2007Coburn29.txt,0,0,1,0
18Apr2007Coburn30.txt,0,0,1,0
18Dec2007Coburn79.txt,0,0,1,0
18Dec2007Coburn80.txt,0,0,1,0
18Dec2007Coburn81.txt,0,0,1,0
18Jul2006Coburn48.txt,0,1,0,0
18Oct2005Coburn63.txt,1,0,0,0
18Oct2007Coburn64.txt,0,0,1,0
19Apr2007Coburn31.txt,0,0,1,0
19Dec2005Coburn79.txt,1,0,0,0
19Jan2006Coburn4.txt,0,1,0,0
19Jan2007Coburn5.txt,0,0,1,0
19May2005Coburn16.txt,1,0,0,0
19Oct2007Coburn65.txt,0,0,1,0
1Aug2006Coburn51.txt,0,1,0,0
1Feb2007Coburn9.txt,0,0,1,0
1Jul2005Coburn27.txt,1,0,0,0
1May2006Coburn27.txt,0,1,0,0
1Nov2007Coburn69.txt,0,0,1,0
1Sep2005Coburn45.txt,1,0,0,0
20Apr2005Coburn11.txt,1,0,0,0
20Apr2005Coburn12.txt,1,0,0,0
20Jul2005Coburn35.txt,1,0,0,0
20Jul2005Coburn36.txt,1,0,0,0
20Jun2007Coburn44.txt,0,0,1,0
20Nov2007Coburn77.txt,0,0,1,0
21Apr2006Coburn25.txt,0,1,0,0
21Dec2005Coburn80.txt,1,0,0,0
21Jun2005Coburn20.txt,1,0,0,0
21Jun2006Coburn43.txt,0,1,0,0
21Mar2007Coburn21.txt,0,0,1,0
21May2007Coburn38.txt,0,0,1,0
21Nov2005Coburn76.txt,1,0,0,0
21Oct2005Coburn64.txt,1,0,0,0
21Sep2005Coburn52.txt,1,0,0,0
21Sep2005Coburn53.txt,1,0,0,0
22Jun2006Coburn44.txt,0,1,0,0
22Sep2005Coburn54.txt,1,0,0,0
22Sep2005Coburn55.txt,1,0,0,0
22Sep2005Coburn56.txt,1,0,0,0
22Sep2006Coburn61.txt,0,1,0,0
23Apr2007Coburn32.txt,0,0,1,0
23Jan2007Coburn6.txt,0,0,1,0
23Jun2005Coburn21.txt,1,0,0,0
23Jun2005Coburn22.txt,1,0,0,0
23Mar2005Coburn7.txt,1,0,0,0
23Oct2007Coburn66.txt,0,0,1,0
24Apr2007Coburn33.txt,0,0,1,0
24Aug2006Coburn55.txt,0,1,0,0
24Jul2007Coburn47.txt,0,0,1,0
24Oct2005Coburn65.txt,1,0,0,0
24Oct2007Coburn67.txt,0,0,1,0
24Oct2007Coburn68.txt,0,0,1,0
25Jan2007Coburn7.txt,0,0,1,0
25May2006Coburn32.txt,0,1,0,0
25May2007Coburn39.txt,0,0,1,0
25Oct2005Coburn66.txt,1,0,0,0
25Sep2006Coburn62.txt,0,1,0,0
26Apr2007Coburn34.txt,0,0,1,0
26Jan2006Coburn5.txt,0,1,0,0
26Jul2007Coburn48.txt,0,0,1,0
26May2006Coburn33.txt,0,1,0,0
26May2006Coburn34.txt,0,1,0,0
26May2006Coburn35.txt,0,1,0,0
26Oct2006Coburn69.txt,0,1,0,0
26Sep2006Coburn63.txt,0,1,0,0
27Apr2006Coburn26.txt,0,1,0,0
27Feb2006Coburn12.txt,0,1,0,0
27Feb2007Coburn18.txt,0,0,1,0
27Jul2005Coburn37.txt,1,0,0,0
27Jul2005Coburn38.txt,1,0,0,0
27Jul2006Coburn49.txt,0,1,0,0
27Jul2007Coburn49.txt,0,0,1,0
27Jun2005Coburn23.txt,1,0,0,0
27Jun2006Coburn45.txt,0,1,0,0
27Oct2005Coburn67.txt,1,0,0,0
27Oct2005Coburn68.txt,1,0,0,0
27Sep2005Coburn57.txt,1,0,0,0
27Sep2007Coburn59.txt,0,0,1,0
27Sep2007Coburn60.txt,0,0,1,0
28Feb2006Coburn13.txt,0,1,0,0
28Jul2005Coburn39.txt,1,0,0,0
28Jul2006Coburn50.txt,0,1,0,0
28Jun2005Coburn24.txt,1,0,0,0
28Jun2007Coburn45.txt,0,0,1,0
28Mar2006Coburn17.txt,0,1,0,0
28Mar2007Coburn22.txt,0,0,1,0
28Sep2006Coburn64.txt,0,1,0,0
28Sep2007Coburn61.txt,0,0,1,0
29Jul2005Coburn40.txt,1,0,0,0
29Jul2005Coburn41.txt,1,0,0,0
29Jul2005Coburn42.txt,1,0,0,0
29Jul2005Coburn43.txt,1,0,0,0
29Jul2005Coburn44.txt,1,0,0,0
29Jun2005Coburn25.txt,1,0,0,0
29Mar2006Coburn18.txt,0,1,0,0
29Mar2006Coburn19.txt,0,1,0,0
29Mar2007Coburn23.txt,0,0,1,0
29Sep2005Coburn58.txt,1,0,0,0
29Sep2005Coburn59.txt,1,0,0,0
29Sep2006Coburn65.txt,0,1,0,0
29Sep2006Coburn66.txt,0,1,0,0
29Sep2006Coburn67.txt,0,1,0,0
2Apr2007Coburn25.txt,0,0,1,0
2Aug2007Coburn51.txt,0,0,1,0
2Feb2007Coburn10.txt,0,0,1,0
2Mar2005Coburn1.txt,1,0,0,0
2Mar2006Coburn14.txt,0,1,0,0
30Jan2007Coburn8.txt,0,0,1,0
30Jul2007Coburn50.txt,0,0,1,0
30Jun2005Coburn26.txt,1,0,0,0
30Mar2006Coburn20.txt,0,1,0,0
30Mar2007Coburn24.txt,0,0,1,0
31Jan2006Coburn6.txt,0,1,0,0
31Jan2006Coburn7.txt,0,1,0,0
31Oct2005Coburn69.txt,1,0,0,0
31Oct2006Coburn70.txt,0,1,0,0
3Aug2006Coburn52.txt,0,1,0,0
3Aug2007Coburn52.txt,0,0,1,0
3Mar2005Coburn2.txt,1,0,0,0
3Oct2005Coburn60.txt,1,0,0,0
3Oct2007Coburn62.txt,0,0,1,0
4Aug2006Coburn53.txt,0,1,0,0
4Dec2006Coburn72.txt,0,1,0,0
4Jul2005Coburn28.txt,1,0,0,0
4Jun2007Coburn40.txt,0,0,1,0
4May2006Coburn28.txt,0,1,0,0
4Oct2005Coburn61.txt,1,0,0,0
4Oct2007Coburn63.txt,0,0,1,0
5Feb2007Coburn11.txt,0,0,1,0
5Sep2005Coburn46.txt,1,0,0,0
5Sep2007Coburn53.txt,0,0,1,0
6Dec2006Coburn73.txt,0,1,0,0
6Feb2006Coburn8.txt,0,1,0,0
6Feb2006Coburn9.txt,0,1,0,0
6Jun2006Coburn36.txt,0,1,0,0
6Nov2007Coburn70.txt,0,0,1,0
6Oct2005Coburn62.txt,1,0,0,0
6Sep2005Coburn47.txt,1,0,0,0
6Sep2006Coburn56.txt,0,1,0,0
7Apr2006Coburn21.txt,0,1,0,0
7Apr2006Coburn22.txt,0,1,0,0
7Apr2006Coburn23.txt,0,1,0,0
7Feb2007Coburn12.txt,0,0,1,0
7Jun2006Coburn37.txt,0,1,0,0
7Jun2007Coburn41.txt,0,0,1,0
7Mar2005Coburn3.txt,1,0,0,0
7Mar2007Coburn19.txt,0,0,1,0
7Mar2007Coburn20.txt,0,0,1,0
7Nov2007Coburn71.txt,0,0,1,0
7Nov2007Coburn72.txt,0,0,1,0
7Sep2007Coburn54.txt,0,0,1,0
7Sep2007Coburn55.txt,0,0,1,0
8Dec2006Coburn74.txt,0,1,0,0
8Feb2006Coburn10.txt,0,1,0,0
8Jul2005Coburn29.txt,1,0,0,0
8Jun2006Coburn38.txt,0,1,0,0
8Jun2006Coburn39.txt,0,1,0,0
8Jun2007Coburn42.txt,0,0,1,0
8May2006Coburn29.txt,0,1,0,0
8Nov2005Coburn70.txt,1,0,0,0
8Nov2006Coburn71.txt,0,1,0,0
8Nov2007Coburn73.txt,0,0,1,0
8Sep2006Coburn57.txt,0,1,0,0
9Aug2006Coburn54.txt,0,1,0,0
9Feb2006Coburn11.txt,0,1,0,0
9Jan2007Coburn1.txt,0,0,1,0
9Jun2005Coburn17.txt,1,0,0,0
9Jun2006Coburn40.txt,0,1,0,0
9Mar2005Coburn4.txt,1,0,0,0
9Mar2006Coburn15.txt,0,1,0,0
9May2007Coburn35.txt,0,0,1,0
9Sep2005Coburn48.txt,1,0,0,0
